timestamp,subcarrier_index,csi_amplitude,csi_phase,rssi_dbm,label
2025-12-01 12:00:00,0,1.007271014069432,-0.15526378217850967,-47.59716433820093,normal
2025-12-01 12:00:00.050000,1,1.0702133003418057,0.03387096634144493,-45.913916813654424,normal
2025-12-01 12:00:00.100000,2,0.9818417260529988,-0.040466247014266266,-46.60158349093888,normal
2025-12-01 12:00:00.150000,3,0.801020998937807,-0.057571720527316295,-44.58885745077921,normal
2025-12-01 12:00:00.200000,4,1.3658313533501887,-0.05205052523360587,-48.032778040151,normal
2025-12-01 12:00:00.250000,5,0.8563459872816268,-0.160392502420172,-48.35489501904592,normal
2025-12-01 12:00:00.300000,6,1.2700020489267572,-0.18709553112545008,-42.52792779557718,normal
2025-12-01 12:00:00.350000,7,0.6402163167034898,0.07283455694151364,-46.258372175848436,normal
2025-12-01 12:00:00.400000,8,1.023172849146433,0.06772219805630941,-43.310720193150175,normal
2025-12-01 12:00:00.450000,9,0.9892997885702708,-0.22416036063412514,-45.64028378191202,normal
2025-12-01 12:00:00.500000,10,1.3082588003842721,0.028451148447828256,-43.68208689542904,normal
2025-12-01 12:00:00.550000,11,1.0761484653896802,-0.033557785813664864,-48.50458933202564,normal
2025-12-01 12:00:00.600000,12,0.9247579019655273,0.041725327432117876,-43.07149593640382,normal
2025-12-01 12:00:00.650000,13,1.1805723774454924,0.027624068392725576,-39.99092834216391,normal
2025-12-01 12:00:00.700000,14,1.0314114760105895,0.10370323776676216,-44.44107162723917,normal
2025-12-01 12:00:00.750000,15,1.2636682735611386,0.06615300447411698,-47.189241192311016,normal
2025-12-01 12:00:00.800000,16,0.9703430323038522,-0.17803954141942313,-43.91362003653321,normal
2025-12-01 12:00:00.850000,17,1.0153116878139825,0.11128391779997315,-43.83710529538186,normal
2025-12-01 12:00:00.900000,18,0.9824122949382875,-0.24865637771401605,-46.279489853012926,normal
2025-12-01 12:00:00.950000,19,0.8378139662897026,0.02182939722970101,-43.005639303651265,normal
2025-12-01 12:00:01,20,1.124224253889267,-0.11593105187472208,-46.01751219577254,normal
2025-12-01 12:00:01.050000,21,1.0995665442570797,-0.013098890621635828,-44.508991519751426,normal
2025-12-01 12:00:01.100000,22,1.1278222706739234,0.068824275813824,-42.982916788518544,normal
2025-12-01 12:00:01.150000,23,0.9531029080562513,0.07856100566817403,-41.224497303231104,normal
2025-12-01 12:00:01.200000,24,1.1487963076329608,0.0890245334214983,-44.27528053984893,normal
2025-12-01 12:00:01.250000,25,1.161554204094304,-0.004091878842276131,-47.4642967762922,normal
2025-12-01 12:00:01.300000,26,0.9961649979822378,-0.07005785719531854,-50.29601994856727,normal
2025-12-01 12:00:01.350000,27,0.8836641997656314,0.005006075237175001,-45.47600575571908,normal
2025-12-01 12:00:01.400000,28,0.9788887687261741,-0.10714411749575214,-43.23568692433126,normal
2025-12-01 12:00:01.450000,29,0.7851737118125175,0.21911900510345506,-44.305976993295836,normal
2025-12-01 12:00:01.500000,0,0.7898916980523253,-0.06380996581802867,-39.62619514660498,normal
2025-12-01 12:00:01.550000,1,1.1074981169238427,-0.13831068675212332,-46.017416589462144,normal
2025-12-01 12:00:01.600000,2,0.7531946094805586,0.04187958520612245,-46.85796867194343,normal
2025-12-01 12:00:01.650000,3,0.733655297899575,-0.11753895707474138,-41.37055876874399,normal
2025-12-01 12:00:01.700000,4,1.064235882685629,-0.1345509051016882,-46.362531607823236,normal
2025-12-01 12:00:01.750000,5,1.0122085884146967,0.10213926410513752,-48.51252249513627,normal
2025-12-01 12:00:01.800000,6,0.7209224688110978,0.04391783503554736,-39.70353811832493,normal
2025-12-01 12:00:01.850000,7,1.1228325744762568,0.014535549823862848,-45.431657005657605,normal
2025-12-01 12:00:01.900000,8,1.0000064164000684,-0.016185016516459427,-43.835414317338056,normal
2025-12-01 12:00:01.950000,9,1.1703255774376786,-0.05710915758755597,-45.28753108295238,normal
2025-12-01 12:00:02,10,0.9592678646355248,-0.05381292797644477,-44.970794045992626,normal
2025-12-01 12:00:02.050000,11,1.052534712985063,0.004348627914034342,-44.117466181810826,normal
2025-12-01 12:00:02.100000,12,0.7726236777211279,-0.0035750964394405393,-44.799171869018075,normal
2025-12-01 12:00:02.150000,13,0.933284692968025,-0.01883037992700265,-46.981893673569175,normal
2025-12-01 12:00:02.200000,14,1.1623658920698814,-0.012218389929644857,-46.55902869891479,normal
2025-12-01 12:00:02.250000,15,0.8669074535903849,-0.1653006873879339,-46.06803585736242,normal
2025-12-01 12:00:02.300000,16,1.122601174557021,0.16297743861669733,-45.927790288212115,normal
2025-12-01 12:00:02.350000,17,1.0705948714628473,0.0650197197561484,-43.93905300426786,normal
2025-12-01 12:00:02.400000,18,0.8734989785131649,-0.031060493831626346,-49.69893135892781,normal
2025-12-01 12:00:02.450000,19,1.2749801039559145,0.08896507514006968,-46.717272355629035,normal
2025-12-01 12:00:02.500000,20,1.0904146547958442,-0.08700469708935321,-42.81354981815098,normal
2025-12-01 12:00:02.550000,21,1.103386977447931,-0.09449431156622667,-45.30179688284191,normal
2025-12-01 12:00:02.600000,22,1.1232264206721065,0.01881347917552345,-41.35819572671188,normal
2025-12-01 12:00:02.650000,23,0.7112120952456635,-0.04312926896063152,-46.293982344402714,normal
2025-12-01 12:00:02.700000,24,1.0212466143282586,0.09928184520618188,-49.85045225155952,normal
2025-12-01 12:00:02.750000,25,1.123536824113876,0.027803902567545613,-44.46447181662683,normal
2025-12-01 12:00:02.800000,26,0.9960970788098801,0.14590173736966205,-44.11962114165561,normal
2025-12-01 12:00:02.850000,27,1.135948628723874,-0.07324250369882934,-42.71354220931961,normal
2025-12-01 12:00:02.900000,28,1.0186839885237506,-0.1753486447951076,-45.91115830002293,normal
2025-12-01 12:00:02.950000,29,1.0577897409951669,0.14165481662810198,-46.80475626356399,normal
2025-12-01 12:00:03,0,1.0678548101158991,0.05056747317698962,-42.81120934050477,normal
2025-12-01 12:00:03.050000,1,1.0357569538693203,0.015569196367427374,-41.06405011745527,normal
2025-12-01 12:00:03.100000,2,0.9233844292405763,0.016646919865407117,-42.41032246849982,normal
2025-12-01 12:00:03.150000,3,1.1798909009886895,0.3263779128002744,-45.39836033698129,normal
2025-12-01 12:00:03.200000,4,1.0320565844134724,-0.007600267872687194,-41.699808873248486,normal
2025-12-01 12:00:03.250000,5,1.0104993526360146,0.0763653031522189,-46.21359033599617,normal
2025-12-01 12:00:03.300000,6,1.0104036837704822,-0.043282369144504784,-46.54508521773053,normal
2025-12-01 12:00:03.350000,7,0.9260637239394351,0.1127056882559958,-42.84607252406329,normal
2025-12-01 12:00:03.400000,8,0.7991141700010032,-0.07832861937331614,-47.37022947937963,normal
2025-12-01 12:00:03.450000,9,0.768920338687495,0.006277930062318582,-42.951940818129835,normal
2025-12-01 12:00:03.500000,10,0.9735248858953994,0.045797782790781394,-43.12366355103757,normal
2025-12-01 12:00:03.550000,11,0.8612860467915431,0.00557652108180795,-43.44609575608564,normal
2025-12-01 12:00:03.600000,12,1.0698821705924388,-0.03331200947165813,-46.54862927118242,normal
2025-12-01 12:00:03.650000,13,1.0746033546238625,0.016336762255412474,-42.085257991891304,normal
2025-12-01 12:00:03.700000,14,1.1546612148196906,0.08500585278123962,-47.74923552632315,normal
2025-12-01 12:00:03.750000,15,0.9880053482385084,0.03320606712621599,-43.782795028026804,normal
2025-12-01 12:00:03.800000,16,0.9939447747840415,-0.13861732319025766,-45.03745422766692,normal
2025-12-01 12:00:03.850000,17,1.066828797085507,-0.03949243761121801,-42.86358841304675,normal
2025-12-01 12:00:03.900000,18,0.6182350947070671,-0.05503851615324962,-45.76173576531917,normal
2025-12-01 12:00:03.950000,19,0.7633120308284194,0.05723184295373507,-42.78677745320904,normal
2025-12-01 12:00:04,20,1.0554148553940008,-0.13845201848731836,-45.40321403966343,normal
2025-12-01 12:00:04.050000,21,1.0454397531082738,0.051673683666927595,-43.66911380454276,normal
2025-12-01 12:00:04.100000,22,0.6172937157139748,-0.025714955845662857,-45.28872689070013,normal
2025-12-01 12:00:04.150000,23,1.0067311335420568,0.08181921504191125,-45.58108750191688,normal
2025-12-01 12:00:04.200000,24,0.9399801459544725,-0.12212210464637208,-42.36409092985898,normal
2025-12-01 12:00:04.250000,25,0.9474930706001701,-0.0916588786672774,-45.11615330540343,normal
2025-12-01 12:00:04.300000,26,1.0488145517136265,0.04330651690327603,-47.18192972185366,normal
2025-12-01 12:00:04.350000,27,0.9919856783619734,-0.02156612299289762,-40.41622871014016,normal
2025-12-01 12:00:04.400000,28,1.1117576752928868,0.02037692757941878,-48.643213173150905,normal
2025-12-01 12:00:04.450000,29,0.9218242011770126,0.21733535310087593,-43.15999141846806,normal
2025-12-01 12:00:04.500000,0,0.897262658571871,-0.0522969505004669,-41.38682710246533,normal
2025-12-01 12:00:04.550000,1,0.9782012309279123,-0.1693550519841498,-46.568700215752685,normal
2025-12-01 12:00:04.600000,2,1.0247401160833816,0.028300495512133317,-42.935474088155814,normal
2025-12-01 12:00:04.650000,3,0.8752450192492165,-0.20498285962616958,-45.87153155128122,normal
2025-12-01 12:00:04.700000,4,0.8570445580666792,-0.03337233003851958,-45.26573194275649,normal
2025-12-01 12:00:04.750000,5,0.9894414438970621,0.08291196752302543,-49.89700508179031,normal
2025-12-01 12:00:04.800000,6,1.0386628394731363,0.08190099230145442,-43.68220980729429,normal
2025-12-01 12:00:04.850000,7,1.0570586124943828,0.1107805813107321,-46.40722199869272,normal
2025-12-01 12:00:04.900000,8,0.964677452257624,0.02503337393161198,-47.05865584068515,normal
2025-12-01 12:00:04.950000,9,1.028287391874444,0.07219341432290616,-44.73767509301618,normal
2025-12-01 12:00:05,10,1.2093756967006908,0.10234434388531666,-41.63113761747219,normal
2025-12-01 12:00:05.050000,11,0.9868994680832156,-0.0303631235216697,-43.475152661257205,normal
2025-12-01 12:00:05.100000,12,1.0800277196849017,-0.10888198751147593,-46.821879488577345,normal
2025-12-01 12:00:05.150000,13,0.9728841214721172,0.08297183724802171,-44.19898665315514,normal
2025-12-01 12:00:05.200000,14,0.9720939128708209,0.14799109650061126,-46.4117802007717,normal
2025-12-01 12:00:05.250000,15,0.9533389523275893,0.07141603453170475,-46.49437199334932,normal
2025-12-01 12:00:05.300000,16,1.0256817778918335,0.1381937434398437,-39.303847101944086,normal
2025-12-01 12:00:05.350000,17,1.0010077309425947,-0.09547079843835338,-46.82307537109451,normal
2025-12-01 12:00:05.400000,18,1.0234859525547504,0.05864300581774051,-42.81505004636965,normal
2025-12-01 12:00:05.450000,19,1.0192018906826923,-0.004133627258132044,-44.159084783311705,normal
2025-12-01 12:00:05.500000,20,0.9527230329457278,-0.07216161638369156,-45.42874170875882,normal
2025-12-01 12:00:05.550000,21,0.9340897235116818,0.044614407961086844,-46.02702204357476,normal
2025-12-01 12:00:05.600000,22,0.8700817960018324,-0.05792409634997053,-45.496421807286644,normal
2025-12-01 12:00:05.650000,23,0.8789934707579822,0.06574528179688155,-45.49192840283102,normal
2025-12-01 12:00:05.700000,24,1.1708631563999865,0.03388311343322403,-46.65876809143452,normal
2025-12-01 12:00:05.750000,25,1.1221486255926836,0.1273786648736719,-42.29633355459029,normal
2025-12-01 12:00:05.800000,26,0.782040357356289,-0.0699364874092927,-46.38046958996134,normal
2025-12-01 12:00:05.850000,27,1.1223779271850252,-0.039763565941412615,-43.66382809172024,normal
2025-12-01 12:00:05.900000,28,1.036661144377303,0.047022626304966675,-47.31559765950468,normal
2025-12-01 12:00:05.950000,29,0.9501273855204375,-0.19902999664597676,-43.2975660744024,normal
2025-12-01 12:00:06,0,0.8427621503526206,0.009650273710572144,-42.88931630779415,normal
2025-12-01 12:00:06.050000,1,1.302924945183825,0.0013652359631568523,-44.61765087252026,normal
2025-12-01 12:00:06.100000,2,0.81038011013487,0.13096340755111546,-44.71532464479736,normal
2025-12-01 12:00:06.150000,3,0.8862482590485287,0.012478273508886861,-47.14392443556467,normal
2025-12-01 12:00:06.200000,4,0.988086349118219,-0.11744233794957815,-45.03393619541552,normal
2025-12-01 12:00:06.250000,5,0.7301661380381828,0.031932786363908505,-47.02588891785715,normal
2025-12-01 12:00:06.300000,6,0.8253344056612762,-0.08511448128262478,-43.682779899023856,normal
2025-12-01 12:00:06.350000,7,1.1550378025470032,0.12316233418276523,-43.89967848177562,normal
2025-12-01 12:00:06.400000,8,0.9662121919307493,-0.12124168353079501,-48.380421849542984,normal
2025-12-01 12:00:06.450000,9,1.2641862208422974,-0.0005467794030793449,-44.047693488774314,normal
2025-12-01 12:00:06.500000,10,1.0650594857825946,-0.059741866372926555,-42.18363766728766,normal
2025-12-01 12:00:06.550000,11,0.9048552310733422,0.004687829562415313,-45.580612872185384,normal
2025-12-01 12:00:06.600000,12,1.1464633761893788,-0.11953746557162903,-47.25363946599807,normal
2025-12-01 12:00:06.650000,13,1.04907098597106,-0.12664228530751798,-43.889831623903106,normal
2025-12-01 12:00:06.700000,14,1.0566342624425258,-0.006915366961967706,-46.43643994911353,normal
2025-12-01 12:00:06.750000,15,0.906178375347396,-0.04589960293437656,-45.06508603962184,normal
2025-12-01 12:00:06.800000,16,0.8929160072277785,-0.005058596239440938,-47.20487422923687,normal
2025-12-01 12:00:06.850000,17,1.0554266819306566,-0.055931646872745766,-44.93381262726416,normal
2025-12-01 12:00:06.900000,18,0.9805457674259286,0.07373813111193694,-43.66142839356331,normal
2025-12-01 12:00:06.950000,19,1.1019714645624683,0.10014745220217991,-43.3405811848851,normal
2025-12-01 12:00:07,20,0.8604957460302634,-0.029627280946546986,-49.09557977865787,normal
2025-12-01 12:00:07.050000,21,0.9264142609856401,0.07817855760488923,-43.27626741270647,normal
2025-12-01 12:00:07.100000,22,0.8330276447699114,-0.09324501863778467,-45.639859166743925,normal
2025-12-01 12:00:07.150000,23,0.926038566376286,-0.11082945526536614,-44.68810536326363,normal
2025-12-01 12:00:07.200000,24,0.8729326452518971,0.1151082614127863,-49.13186375268745,normal
2025-12-01 12:00:07.250000,25,0.8726891829663871,-0.07884232550232362,-45.14180755118393,normal
2025-12-01 12:00:07.300000,26,1.0900587605586722,0.1371323587386768,-46.30406094312308,normal
2025-12-01 12:00:07.350000,27,1.0467830547650718,0.023135397181254902,-44.597106783067325,normal
2025-12-01 12:00:07.400000,28,1.0464256188569228,0.06880327078491044,-42.940448241784786,normal
2025-12-01 12:00:07.450000,29,1.2611144600425694,-0.04577798799769406,-44.35280957509734,normal
2025-12-01 12:00:07.500000,0,1.1089204310035337,0.08806529166460697,-44.43755941950873,normal
2025-12-01 12:00:07.550000,1,1.0899200505133384,0.018710216293902793,-44.45696809472761,normal
2025-12-01 12:00:07.600000,2,0.9338921167995953,0.008131352234355127,-43.56020270238553,normal
2025-12-01 12:00:07.650000,3,0.7618632366273208,0.0025907254120749457,-42.96803593511171,normal
2025-12-01 12:00:07.700000,4,1.0884411222051442,-0.03687002933797334,-46.1347968208696,normal
2025-12-01 12:00:07.750000,5,0.9594134673326626,-0.23061746873035727,-42.61221344476723,normal
2025-12-01 12:00:07.800000,6,0.7533935561870806,-0.018686226539719186,-45.596921568230016,normal
2025-12-01 12:00:07.850000,7,0.8495644165792131,0.07358623714598522,-45.53490176197111,normal
2025-12-01 12:00:07.900000,8,1.1621992085209605,0.1694032473329834,-38.6983306880571,normal
2025-12-01 12:00:07.950000,9,0.8491582840777618,-0.058548140340846544,-43.49110959355936,normal
2025-12-01 12:00:08,10,0.9737062200926584,0.08756365329498017,-47.35419570491698,normal
2025-12-01 12:00:08.050000,11,1.0131032606184,0.001869081683816276,-40.856079258900486,normal
2025-12-01 12:00:08.100000,12,0.8131799867341406,-0.19676639484030423,-48.60745083303374,normal
2025-12-01 12:00:08.150000,13,1.0678278800397556,0.08810398225963656,-46.97377731531471,normal
2025-12-01 12:00:08.200000,14,0.9438261472803444,0.03639877757176224,-40.434124611356594,normal
2025-12-01 12:00:08.250000,15,1.0806002149424003,-0.09868171807281012,-44.55604391513121,normal
2025-12-01 12:00:08.300000,16,1.2472238653168233,0.02636906485719326,-44.785605664312385,normal
2025-12-01 12:00:08.350000,17,1.2207732684043957,-0.16593129337574464,-42.92368748625991,normal
2025-12-01 12:00:08.400000,18,1.0300560406628836,-0.09391531625418503,-40.20142214287195,normal
2025-12-01 12:00:08.450000,19,1.119775037742282,0.05994221150043977,-45.12151574915182,normal
2025-12-01 12:00:08.500000,20,0.9805096885146537,0.04918903216749282,-41.620977088070255,normal
2025-12-01 12:00:08.550000,21,0.8203242219337461,0.03580181916655922,-47.004341451484564,normal
2025-12-01 12:00:08.600000,22,0.925196669152991,-0.08223151509038074,-47.17928135228963,normal
2025-12-01 12:00:08.650000,23,1.0325673948309995,0.07843575408752157,-47.68753222428027,normal
2025-12-01 12:00:08.700000,24,1.3505292395351964,0.03279828833104892,-44.65128177422398,normal
2025-12-01 12:00:08.750000,25,1.2917220105197638,-0.08352211651467112,-44.619574138888474,normal
2025-12-01 12:00:08.800000,26,0.7385735376568142,-0.12120205409257023,-46.57551022236784,normal
2025-12-01 12:00:08.850000,27,1.0633987382544081,0.09913155254259287,-44.66201396316744,normal
2025-12-01 12:00:08.900000,28,0.9489460353515227,0.2168600406154093,-44.7336171792713,normal
2025-12-01 12:00:08.950000,29,1.1266988241146678,-0.06210701614708869,-46.69642215387637,normal
2025-12-01 12:00:09,0,0.8486896159992746,0.12354422594236025,-43.51763544398993,normal
2025-12-01 12:00:09.050000,1,1.1311245691468705,0.061441626674096916,-42.67865637007282,normal
2025-12-01 12:00:09.100000,2,1.0236402250810488,-5.280994005651962e-06,-45.29679071345921,normal
2025-12-01 12:00:09.150000,3,0.9501804697660142,0.10899050486101425,-43.88596385696614,normal
2025-12-01 12:00:09.200000,4,0.9662124850634995,0.05349217398434902,-45.267973708687684,normal
2025-12-01 12:00:09.250000,5,1.035955309983276,0.05491559536484569,-44.123476340653234,normal
2025-12-01 12:00:09.300000,6,0.8627122414956487,0.02124258548398572,-43.79091034133445,normal
2025-12-01 12:00:09.350000,7,1.174755742604138,-0.12677971763595153,-43.11180930229105,normal
2025-12-01 12:00:09.400000,8,1.0929225596281944,-0.17080600808585,-48.75614429236265,normal
2025-12-01 12:00:09.450000,9,1.1108372049904849,0.03840598566104969,-45.836106712367815,normal
2025-12-01 12:00:09.500000,10,1.1370471632836838,-0.137046243016973,-45.327669561065356,normal
2025-12-01 12:00:09.550000,11,0.9780486602687531,0.016127086469877483,-48.141203563697474,normal
2025-12-01 12:00:09.600000,12,1.009011298076326,-0.1669371608518473,-45.615672673759924,normal
2025-12-01 12:00:09.650000,13,1.2634072058451702,0.10376821285395232,-43.106302154537964,normal
2025-12-01 12:00:09.700000,14,0.7546832183872433,0.05152453675248436,-47.92393235273398,normal
2025-12-01 12:00:09.750000,15,0.9384845035201129,-0.14820507812100203,-44.108129398635576,normal
2025-12-01 12:00:09.800000,16,1.3370453785291514,-0.028450608007501987,-46.230370077372456,normal
2025-12-01 12:00:09.850000,17,1.0307696354010782,-0.06698888635758138,-43.16154287183188,normal
2025-12-01 12:00:09.900000,18,1.0468229797854172,-0.09999819329080539,-45.442300332593305,normal
2025-12-01 12:00:09.950000,19,0.7821626215741048,0.27342360425339285,-42.873023886647786,normal
2025-12-01 12:00:10,20,1.0317150047907724,0.022452570586311005,-44.10901962006331,normal
2025-12-01 12:00:10.050000,21,0.9108666825758142,-0.0060871937734821024,-44.96183114930262,normal
2025-12-01 12:00:10.100000,22,0.8516980602286685,-0.008888558835079774,-46.97385454557609,normal
2025-12-01 12:00:10.150000,23,0.7584375718509723,0.0180115211308971,-41.44672529923303,normal
2025-12-01 12:00:10.200000,24,0.7835663043080752,0.11058705171071992,-46.62578648003551,normal
2025-12-01 12:00:10.250000,25,1.2165027238701165,0.03485312707806365,-44.88757313761568,normal
2025-12-01 12:00:10.300000,26,1.1745301127427648,-0.050739523109300855,-44.08051251727808,normal
2025-12-01 12:00:10.350000,27,1.1786445641935415,0.10266837378780824,-40.1138581719526,normal
2025-12-01 12:00:10.400000,28,0.9058466743344741,-0.09781025921755315,-44.16409240047898,normal
2025-12-01 12:00:10.450000,29,0.9397085013052063,0.1067881781619997,-42.652443028504386,normal
2025-12-01 12:00:10.500000,0,1.001396189073668,-0.12469041078305798,-45.76735977982559,normal
2025-12-01 12:00:10.550000,1,1.143294111909902,0.10594775911047805,-46.86310247946735,normal
2025-12-01 12:00:10.600000,2,0.933490817604629,0.09009475084528162,-46.700413104885804,normal
2025-12-01 12:00:10.650000,3,1.2004151817330189,-0.048724027339183795,-43.52813669949919,normal
2025-12-01 12:00:10.700000,4,1.0952806524837058,0.031637267186423124,-45.1509201020119,normal
2025-12-01 12:00:10.750000,5,1.1450293516520083,-0.03848469821284439,-43.62003234424866,normal
2025-12-01 12:00:10.800000,6,1.1065516177138681,0.024787487986333456,-42.96350886164129,normal
2025-12-01 12:00:10.850000,7,1.1206830362435978,0.04371188402076198,-48.15628371897681,normal
2025-12-01 12:00:10.900000,8,0.9582333165502455,-0.006862237687056183,-45.60412060663278,normal
2025-12-01 12:00:10.950000,9,1.043353956554544,-0.2014781454899084,-47.80142947480041,normal
2025-12-01 12:00:11,10,0.8626440137975566,-0.09156023332184882,-48.78423470921136,normal
2025-12-01 12:00:11.050000,11,1.0537056014001844,-0.11695775739196534,-45.99930441590997,normal
2025-12-01 12:00:11.100000,12,1.0555467349033363,0.007986933691500386,-43.499548309679625,normal
2025-12-01 12:00:11.150000,13,1.1515118151335986,-0.009594111115196924,-42.94772146827926,normal
2025-12-01 12:00:11.200000,14,0.995237574183609,0.062278992159173985,-46.375808889484794,normal
2025-12-01 12:00:11.250000,15,1.201061970977405,-0.14650371364806825,-45.30352498528839,normal
2025-12-01 12:00:11.300000,16,1.0259655851612242,0.046411212901607435,-45.244452352539014,normal
2025-12-01 12:00:11.350000,17,0.9225599811759335,0.011791717368546895,-44.630718567644756,normal
2025-12-01 12:00:11.400000,18,1.184492975895503,-0.003807318232473378,-43.32326677351415,normal
2025-12-01 12:00:11.450000,19,1.1352239506024921,0.09557979783436155,-46.691006828993565,normal
2025-12-01 12:00:11.500000,20,0.7463799128868269,0.0032956644475690133,-44.09021409916251,normal
2025-12-01 12:00:11.550000,21,0.9413934544971547,0.0866330086482372,-41.15850950840128,normal
2025-12-01 12:00:11.600000,22,1.0233047339253676,-0.07991652199450971,-44.40149462899856,normal
2025-12-01 12:00:11.650000,23,0.933558939915859,-0.09845236865181128,-46.00620175501133,normal
2025-12-01 12:00:11.700000,24,0.8131785303087282,0.0704213461049461,-47.44322059645216,normal
2025-12-01 12:00:11.750000,25,1.0029621915140423,0.07033827463556896,-45.80495055874603,normal
2025-12-01 12:00:11.800000,26,1.1623948883176065,-0.10013784876493137,-43.4545073773639,normal
2025-12-01 12:00:11.850000,27,1.1269649216303863,0.029224525399476065,-42.38034029424489,normal
2025-12-01 12:00:11.900000,28,0.7642307905269119,-0.03492997282770771,-45.38457961322555,normal
2025-12-01 12:00:11.950000,29,1.1788289122776607,0.17545505603820777,-48.698641685160794,normal
2025-12-01 12:00:12,0,1.1001242451062705,-0.029378138706178447,-47.19172935600259,normal
2025-12-01 12:00:12.050000,1,0.9029880591342437,0.06809210058096093,-41.525490163587484,normal
2025-12-01 12:00:12.100000,2,1.083307945462216,-0.07902211451546881,-44.048181900249816,normal
2025-12-01 12:00:12.150000,3,0.9350213505703096,-0.06536369448899215,-44.80839537948261,normal
2025-12-01 12:00:12.200000,4,1.0035949932453783,0.05164332420326634,-48.248915457043246,normal
2025-12-01 12:00:12.250000,5,1.0882228419477284,0.08417487551187985,-46.63107648478232,normal
2025-12-01 12:00:12.300000,6,1.159828988648069,-0.19395484873672508,-46.8369716681273,normal
2025-12-01 12:00:12.350000,7,0.9785013779092473,0.011389774557538868,-43.93515629172507,normal
2025-12-01 12:00:12.400000,8,0.9593588853181237,0.13283291141014253,-47.35982402039005,normal
2025-12-01 12:00:12.450000,9,0.986122066755474,-0.05059333069356864,-40.778159129137286,normal
2025-12-01 12:00:12.500000,10,1.0393732647180314,0.16538332195701155,-45.98008363223842,normal
2025-12-01 12:00:12.550000,11,1.1673904461959805,-0.1020828680913688,-44.17870030844837,normal
2025-12-01 12:00:12.600000,12,0.9472937872178346,-0.045212443245269185,-45.44141572305412,normal
2025-12-01 12:00:12.650000,13,0.9807616368062607,0.21989608441076935,-41.86399909863532,normal
2025-12-01 12:00:12.700000,14,1.127657696520209,-0.2517626119147707,-44.766029622481796,normal
2025-12-01 12:00:12.750000,15,0.9509039738305409,-0.0814438675216902,-43.69721056915067,normal
2025-12-01 12:00:12.800000,16,0.9177268594980155,-0.030344135281672013,-44.818376696676125,normal
2025-12-01 12:00:12.850000,17,1.1655072274640017,-0.12385378559757365,-46.11083622742841,normal
2025-12-01 12:00:12.900000,18,0.9634932572085233,0.18251255752802464,-42.90334138833011,normal
2025-12-01 12:00:12.950000,19,1.1037926603390855,-0.1092553610889877,-45.82604588291094,normal
2025-12-01 12:00:13,20,0.8608867712807442,0.022493224918701316,-43.78921527549742,normal
2025-12-01 12:00:13.050000,21,1.2320163398654653,-0.00970840521041838,-43.00657678619317,normal
2025-12-01 12:00:13.100000,22,1.1256577661650247,0.020684349181602002,-40.58920739362716,normal
2025-12-01 12:00:13.150000,23,0.9948963383622602,-0.03376427443910135,-47.45981311469622,normal
2025-12-01 12:00:13.200000,24,0.8990118313716031,0.005734815569199192,-43.11415434789493,normal
2025-12-01 12:00:13.250000,25,1.138216303823735,-0.13905850614700732,-45.44241060880747,normal
2025-12-01 12:00:13.300000,26,0.9600046395481444,0.0677065786976705,-43.186040235817295,normal
2025-12-01 12:00:13.350000,27,1.0592002701510952,-0.09853638790190455,-41.01565839135963,normal
2025-12-01 12:00:13.400000,28,1.0047641109389862,-0.08706110996119953,-46.623204807962665,normal
2025-12-01 12:00:13.450000,29,0.9566087055404153,0.16765901006787232,-45.27298631141489,normal
2025-12-01 12:00:13.500000,0,1.0950383286922472,-0.039493862292080184,-45.03085522010081,normal
2025-12-01 12:00:13.550000,1,0.9069618414634134,-0.03678318031294836,-46.895564128892126,normal
2025-12-01 12:00:13.600000,2,1.0773560020381223,0.04094156033726826,-43.46299302337207,normal
2025-12-01 12:00:13.650000,3,1.271925818695942,0.07172524840580463,-42.8045768353124,normal
2025-12-01 12:00:13.700000,4,0.6654830116109578,-0.21873241374726105,-44.78423609508787,normal
2025-12-01 12:00:13.750000,5,0.8705739163685435,0.027534714917623493,-46.04017878691465,normal
2025-12-01 12:00:13.800000,6,0.8625680224292686,-0.12545130882861022,-46.11824609317085,normal
2025-12-01 12:00:13.850000,7,0.9792233738943456,0.05643721568110127,-45.63504132024577,normal
2025-12-01 12:00:13.900000,8,1.020976791108115,-0.025211716654724547,-44.163577721147895,normal
2025-12-01 12:00:13.950000,9,0.975367164292455,-0.04091425992500497,-46.824581371964385,normal
2025-12-01 12:00:14,10,0.9071473615652187,0.11629067881824717,-41.73930064028726,normal
2025-12-01 12:00:14.050000,11,1.042863026312118,0.05331021495810573,-42.78463221290886,normal
2025-12-01 12:00:14.100000,12,1.059812856278202,0.18431681238648645,-41.64079901180527,normal
2025-12-01 12:00:14.150000,13,0.6815407718190837,0.05608612278363978,-45.27626772128508,normal
2025-12-01 12:00:14.200000,14,1.0704528966102667,-0.09195931847761907,-42.02136214210295,normal
2025-12-01 12:00:14.250000,15,1.1891299970139784,0.04823541555655542,-46.38977577486946,normal
2025-12-01 12:00:14.300000,16,0.9184443926464155,-0.020001145077456872,-47.314036621953456,normal
2025-12-01 12:00:14.350000,17,1.1040707183900615,0.08457915542739292,-44.281585222416176,normal
2025-12-01 12:00:14.400000,18,1.0642284467731706,-0.04454349410431968,-44.27957131737391,normal
2025-12-01 12:00:14.450000,19,0.9853113947922841,0.31724141128686956,-47.40181748153031,normal
2025-12-01 12:00:14.500000,20,0.8276711082472682,0.08525095659459803,-44.43640743449248,normal
2025-12-01 12:00:14.550000,21,0.8795049857189575,0.05872105699296082,-45.37495342819993,normal
2025-12-01 12:00:14.600000,22,0.7779720080848604,-0.02990059883588403,-46.42762187553279,normal
2025-12-01 12:00:14.650000,23,0.9711787738010116,-0.07950726693117893,-42.800482870671196,normal
2025-12-01 12:00:14.700000,24,1.1739093552379745,0.06114657132877088,-43.76728782690985,normal
2025-12-01 12:00:14.750000,25,1.1473552648551388,-0.09909424785969545,-45.75864888243695,normal
2025-12-01 12:00:14.800000,26,0.9769371327870235,0.04214019583430151,-43.343700304022775,normal
2025-12-01 12:00:14.850000,27,0.9872829595701851,0.09042791010595552,-42.83075695314655,normal
2025-12-01 12:00:14.900000,28,0.9009315225443348,-0.10255940107156736,-43.85284135125728,normal
2025-12-01 12:00:14.950000,29,0.9208890392820912,-0.06554826453448781,-43.45126957761268,normal
2025-12-01 12:00:15,0,1.199412101603537,-0.0162430425054243,-40.55400533517531,normal
2025-12-01 12:00:15.050000,1,0.9033648587963964,-0.006200162258359843,-45.969988365891155,normal
2025-12-01 12:00:15.100000,2,0.9272515531507053,-0.015518347595918858,-42.05338934599498,normal
2025-12-01 12:00:15.150000,3,1.136715213685637,-0.0033599119104228414,-44.719846458272144,normal
2025-12-01 12:00:15.200000,4,0.9789130375485816,0.15756017539207479,-47.3324462128047,normal
2025-12-01 12:00:15.250000,5,0.9264275469378765,-0.021468114792882798,-45.28124162007631,normal
2025-12-01 12:00:15.300000,6,1.148658630362791,0.1322080792194229,-46.00355668473253,normal
2025-12-01 12:00:15.350000,7,0.8957907171026976,0.045127283466321444,-47.82204080038607,normal
2025-12-01 12:00:15.400000,8,0.8808465177559991,0.1011783912128208,-45.30816591173768,normal
2025-12-01 12:00:15.450000,9,0.9416310653041101,-0.048173520379958035,-47.472494179159206,normal
2025-12-01 12:00:15.500000,10,0.8803784067838509,0.048834997568898864,-45.403635114043844,normal
2025-12-01 12:00:15.550000,11,1.054639407556508,-0.07834737288270821,-41.490832571838865,normal
2025-12-01 12:00:15.600000,12,1.12757911034775,-0.1516350343600954,-46.90191928395308,normal
2025-12-01 12:00:15.650000,13,0.9160655614171529,-0.00188774446132145,-43.141195902048565,normal
2025-12-01 12:00:15.700000,14,1.0994977560018453,-0.11739701877011477,-41.69421468065439,normal
2025-12-01 12:00:15.750000,15,1.266757198115405,0.00916630382396244,-46.84788752918257,normal
2025-12-01 12:00:15.800000,16,1.02664371169219,0.0660805773038402,-45.75107855290892,normal
2025-12-01 12:00:15.850000,17,1.4570545749580548,-0.01688277159829843,-43.9368716687738,normal
2025-12-01 12:00:15.900000,18,0.717076531296886,0.031265982645032775,-48.28775146640906,normal
2025-12-01 12:00:15.950000,19,0.8183853422979951,0.042332379933808895,-46.97265359726166,normal
2025-12-01 12:00:16,20,0.9249061400418244,-0.09493427036843816,-45.991747700852855,normal
2025-12-01 12:00:16.050000,21,1.0181980582743873,0.0841693911414465,-44.2340630033585,normal
2025-12-01 12:00:16.100000,22,0.9092020013169112,-0.03511149428818383,-43.340815132018705,normal
2025-12-01 12:00:16.150000,23,1.035398202191136,-0.001156958334397995,-43.96768700596693,normal
2025-12-01 12:00:16.200000,24,0.7474953026130361,0.05083089943923502,-48.78715591498936,normal
2025-12-01 12:00:16.250000,25,1.1024683321545714,-0.0327514923202199,-47.79187636246977,normal
2025-12-01 12:00:16.300000,26,1.0611016920200629,-0.07319062820583566,-49.4664284586518,normal
2025-12-01 12:00:16.350000,27,1.1296249178959332,-0.011190389382904176,-45.528624431733604,normal
2025-12-01 12:00:16.400000,28,0.9168979982277635,-0.12484583693914342,-44.26002392197132,normal
2025-12-01 12:00:16.450000,29,0.9912167465462466,-0.003447864512407417,-45.978146360722555,normal
2025-12-01 12:00:16.500000,0,1.0682346623935675,0.039128732975619585,-41.74916002468517,normal
2025-12-01 12:00:16.550000,1,0.9691170613110377,-0.09756252560370271,-43.425424697164594,normal
2025-12-01 12:00:16.600000,2,0.8317863678798657,-0.03503816032011153,-46.91601606191283,normal
2025-12-01 12:00:16.650000,3,1.0017271969416104,-0.23949450197602484,-42.79363404035429,normal
2025-12-01 12:00:16.700000,4,0.9651574580869647,-0.09531691268713072,-42.570145770927176,normal
2025-12-01 12:00:16.750000,5,0.9900454104202887,-0.07373169397304125,-47.44099908358281,normal
2025-12-01 12:00:16.800000,6,0.9989234575632905,0.08765730438398345,-46.1539680265289,normal
2025-12-01 12:00:16.850000,7,0.768118431857224,0.04166321875862922,-46.76592296466494,normal
2025-12-01 12:00:16.900000,8,0.9428696642993688,0.035099926326172426,-44.15558135974817,normal
2025-12-01 12:00:16.950000,9,0.8935371600221791,-0.31050731525462183,-45.10153543911219,normal
2025-12-01 12:00:17,10,0.8995792111996465,0.025423507373877108,-43.38498370799321,normal
2025-12-01 12:00:17.050000,11,1.1834053322450049,-0.13653695466163507,-44.40588740655133,normal
2025-12-01 12:00:17.100000,12,1.129189524026835,-0.16159106379865662,-44.51911789617476,normal
2025-12-01 12:00:17.150000,13,1.1332586760342656,0.005585194308535879,-41.997759146887766,normal
2025-12-01 12:00:17.200000,14,1.0034322230559574,0.16849656312405648,-44.356799283502525,normal
2025-12-01 12:00:17.250000,15,1.0939936644209154,-0.05218266789624737,-46.05575997383358,normal
2025-12-01 12:00:17.300000,16,0.8369439924225792,0.03916655495534416,-44.917567789389786,normal
2025-12-01 12:00:17.350000,17,1.2163922324514105,0.1661961465001771,-40.852076595694136,normal
2025-12-01 12:00:17.400000,18,0.833533034923223,-0.06077949569429464,-44.423940799059004,normal
2025-12-01 12:00:17.450000,19,0.928690628529335,0.07467876538431506,-42.41983403432317,normal
2025-12-01 12:00:17.500000,20,1.1374509458956588,0.006856940169163828,-44.18694474064337,normal
2025-12-01 12:00:17.550000,21,1.2275280502765007,-0.027027771929276412,-43.54934300812396,normal
2025-12-01 12:00:17.600000,22,1.0599895478308017,-0.002254578608656299,-49.131725810222186,normal
2025-12-01 12:00:17.650000,23,1.1856690728969685,-0.04561668505028749,-46.237969703919774,normal
2025-12-01 12:00:17.700000,24,1.0425817228007939,0.14091473480340522,-45.03309853219732,normal
2025-12-01 12:00:17.750000,25,0.9500964664987644,-0.03995713185511729,-45.48771242385368,normal
2025-12-01 12:00:17.800000,26,0.9515502120510034,-0.0023866510880612424,-46.885668587067194,normal
2025-12-01 12:00:17.850000,27,1.207652587059378,-0.012363386042983926,-45.31658069670249,normal
2025-12-01 12:00:17.900000,28,1.0843076004355165,0.12145280370823475,-43.78294053326458,normal
2025-12-01 12:00:17.950000,29,1.0775304793694738,-0.15663005781684447,-46.58349667239605,normal
2025-12-01 12:00:18,0,0.9626575902211861,0.028297644010217837,-46.29630040547991,normal
2025-12-01 12:00:18.050000,1,0.9074706475867228,0.05256968500761561,-44.46155789874317,normal
2025-12-01 12:00:18.100000,2,0.862712675726309,0.08816475100085475,-45.58751992704787,normal
2025-12-01 12:00:18.150000,3,1.0514564523674301,-0.02557363858368822,-45.85619188393458,normal
2025-12-01 12:00:18.200000,4,0.9019481269165784,-0.10983704377183168,-44.758194573768726,normal
2025-12-01 12:00:18.250000,5,0.9876694136411271,-0.020864981019036666,-45.07413015810246,normal
2025-12-01 12:00:18.300000,6,0.9985450670457605,-0.24895145335414748,-46.87399671681856,normal
2025-12-01 12:00:18.350000,7,1.1220824352900387,0.06903663735275956,-43.07516317286976,normal
2025-12-01 12:00:18.400000,8,1.0618504252159928,0.015706158936061865,-42.03714722340143,normal
2025-12-01 12:00:18.450000,9,1.19352082634131,-0.08247767111298199,-49.273187786491164,normal
2025-12-01 12:00:18.500000,10,1.001986980644632,0.010181970250996208,-51.068685293025055,normal
2025-12-01 12:00:18.550000,11,1.1862662540588989,-0.032374479703673575,-42.89837151849411,normal
2025-12-01 12:00:18.600000,12,1.089369619360752,-0.03254723417043648,-44.54698040373303,normal
2025-12-01 12:00:18.650000,13,1.0462535630390313,0.18166957724296395,-43.62578354446363,normal
2025-12-01 12:00:18.700000,14,0.7181730430928536,-0.20220575122365236,-41.58863978472511,normal
2025-12-01 12:00:18.750000,15,1.1822096976560086,-0.11863747097616084,-44.96428815605494,normal
2025-12-01 12:00:18.800000,16,0.8560823826389415,0.08141293615738743,-45.86936850922802,normal
2025-12-01 12:00:18.850000,17,1.0342690467387912,-0.10487557138096282,-37.534379359562664,normal
2025-12-01 12:00:18.900000,18,0.8487209417496282,-0.09127248431322199,-43.99748531297856,normal
2025-12-01 12:00:18.950000,19,1.1846976395474977,0.10545153311077149,-44.84818193648123,normal
2025-12-01 12:00:19,20,0.815829473449709,0.06769188971213325,-44.641102054859296,normal
2025-12-01 12:00:19.050000,21,1.036627622307284,-0.16816789307616364,-44.05019970158853,normal
2025-12-01 12:00:19.100000,22,1.0157601217409788,0.014626216095904976,-43.33974239314916,normal
2025-12-01 12:00:19.150000,23,0.9274689235279034,-0.023219201929723265,-44.65473872121758,normal
2025-12-01 12:00:19.200000,24,0.858061791572999,0.16743436546612944,-42.95457741941321,normal
2025-12-01 12:00:19.250000,25,0.897411429239344,-0.00384209288090398,-42.96580804873345,normal
2025-12-01 12:00:19.300000,26,0.8139433029103291,-0.023003807191547487,-45.710019056591314,normal
2025-12-01 12:00:19.350000,27,0.9293342098567848,-0.04063980066802708,-46.98272375363936,normal
2025-12-01 12:00:19.400000,28,1.163939078195174,-0.0443649026199866,-47.45252095359873,normal
2025-12-01 12:00:19.450000,29,0.9119331458893454,-0.0007895788426721673,-46.74801981783795,normal
2025-12-01 12:00:19.500000,0,1.2494888470616259,-0.08336777482929758,-46.69263025214283,normal
2025-12-01 12:00:19.550000,1,1.098783177708344,-0.02786503959444575,-43.0133965085665,normal
2025-12-01 12:00:19.600000,2,0.9907796263848104,-0.0709674678302914,-46.694076869240476,normal
2025-12-01 12:00:19.650000,3,0.8164193210316689,0.10395735072874723,-44.025883159240486,normal
2025-12-01 12:00:19.700000,4,0.884588201558224,0.027351997315778753,-42.97107256199551,normal
2025-12-01 12:00:19.750000,5,1.0544153704014159,-0.09370850598247493,-45.04732973656113,normal
2025-12-01 12:00:19.800000,6,0.9046573212950593,0.039554743519996105,-42.8761231770382,normal
2025-12-01 12:00:19.850000,7,0.8978474600858213,0.026093650882364816,-41.90860363390339,normal
2025-12-01 12:00:19.900000,8,1.0429265290919747,0.2273728923514171,-41.67642826051838,normal
2025-12-01 12:00:19.950000,9,0.9849981557260652,0.18874984199992806,-42.21236855188217,normal
2025-12-01 12:00:20,10,0.8533948309449172,0.004275024205907307,-43.94913971262418,normal
2025-12-01 12:00:20.050000,11,0.9317064945537825,-0.057540140426675546,-45.22392408287351,normal
2025-12-01 12:00:20.100000,12,1.1474105315660075,-0.03438878595602146,-46.381257924352965,normal
2025-12-01 12:00:20.150000,13,1.0593355154402933,-0.14802771094527056,-42.71228381867585,normal
2025-12-01 12:00:20.200000,14,1.0354257704530057,-0.0017082858261168177,-44.17025881414465,normal
2025-12-01 12:00:20.250000,15,1.1313141332122891,-0.1111130145112944,-42.89259223054978,normal
2025-12-01 12:00:20.300000,16,1.1754407707627352,-0.03179463509863645,-47.57860812857117,normal
2025-12-01 12:00:20.350000,17,1.0635238466234525,0.033893405513929054,-44.698617600520954,normal
2025-12-01 12:00:20.400000,18,1.031854816189282,0.10281195354945138,-47.84219916696286,normal
2025-12-01 12:00:20.450000,19,0.8847435399737105,-0.17724254770683734,-44.00991481937386,normal
2025-12-01 12:00:20.500000,20,1.0792142015768071,-0.12897414008355712,-44.627051711905025,normal
2025-12-01 12:00:20.550000,21,0.8310116964256214,0.010251076647488588,-43.980571941449995,normal
2025-12-01 12:00:20.600000,22,1.2014048450300605,-0.11757774873311888,-42.75503979205436,normal
2025-12-01 12:00:20.650000,23,1.4049908902526342,0.06718180497513382,-45.45742312703761,normal
2025-12-01 12:00:20.700000,24,0.9407814858479514,0.012691600245467338,-48.6473097541099,normal
2025-12-01 12:00:20.750000,25,0.9781296822437402,-0.06377547342611001,-42.91105116801216,normal
2025-12-01 12:00:20.800000,26,1.0562617969512897,-0.09623751705528028,-44.709540081347,normal
2025-12-01 12:00:20.850000,27,0.9350984348664116,0.1889294711927545,-46.965027083244344,normal
2025-12-01 12:00:20.900000,28,0.9408303313341759,0.12956016324191477,-47.71008066599235,normal
2025-12-01 12:00:20.950000,29,0.9495179003652755,0.012114924830774587,-42.31588414724651,normal
2025-12-01 12:00:21,0,0.9947870360215499,-0.11750813751532796,-48.941292576238816,normal
2025-12-01 12:00:21.050000,1,0.8258598491878855,0.10070049451370444,-49.741049206909324,normal
2025-12-01 12:00:21.100000,2,0.9344794805405094,0.07127182132761067,-50.03770497079657,normal
2025-12-01 12:00:21.150000,3,1.1037186613164494,-0.10339971034240536,-44.20783861975132,normal
2025-12-01 12:00:21.200000,4,0.7964698182972754,-0.06184608455568075,-45.861828688532896,normal
2025-12-01 12:00:21.250000,5,0.7756272293873682,0.03396690521908363,-41.889060991349965,normal
2025-12-01 12:00:21.300000,6,1.287949843554074,-0.14661993671230844,-42.79556789456015,normal
2025-12-01 12:00:21.350000,7,0.6485326021565904,0.05497399075378162,-46.67383657811851,normal
2025-12-01 12:00:21.400000,8,1.1525242004271778,-0.29219893540953157,-46.09644763858997,normal
2025-12-01 12:00:21.450000,9,1.0466613201510806,-0.08267167979478618,-44.987468656229105,normal
2025-12-01 12:00:21.500000,10,0.9957960241087626,0.15093308736903355,-42.66385373369058,normal
2025-12-01 12:00:21.550000,11,1.0123110238407103,-0.05207611054685524,-42.20418409122637,normal
2025-12-01 12:00:21.600000,12,0.9094522153793281,0.09696492459373962,-46.27436108863335,normal
2025-12-01 12:00:21.650000,13,0.8607947467016481,0.10190893530230927,-46.501794442240794,normal
2025-12-01 12:00:21.700000,14,1.0247037905524246,-0.0470711945661928,-43.419880710923884,normal
2025-12-01 12:00:21.750000,15,1.066204263338818,-0.16466349838552796,-44.17109539272181,normal
2025-12-01 12:00:21.800000,16,1.043621368236135,0.03147448262419861,-46.74324767569774,normal
2025-12-01 12:00:21.850000,17,0.9698061407847829,0.1394139462155488,-45.82539411168411,normal
2025-12-01 12:00:21.900000,18,0.8311593210375108,-0.034122562684818725,-47.23186824421976,normal
2025-12-01 12:00:21.950000,19,0.9846338291117713,-0.1399366462679641,-42.89287497930986,normal
2025-12-01 12:00:22,20,0.9410149582142908,0.08239756029440137,-45.55711248834778,normal
2025-12-01 12:00:22.050000,21,0.913502178373074,0.10972357835263091,-48.925674535736654,normal
2025-12-01 12:00:22.100000,22,1.0051208264412823,0.03881803524107985,-45.808473423505426,normal
2025-12-01 12:00:22.150000,23,1.1586223609463164,-0.05672671466836832,-48.86277750591854,normal
2025-12-01 12:00:22.200000,24,0.9497074447552661,0.04439882844209064,-42.62468550484504,normal
2025-12-01 12:00:22.250000,25,0.876309369825515,-0.2895359882592312,-43.79599046972264,normal
2025-12-01 12:00:22.300000,26,0.9702185065795772,-0.1446665134780778,-44.51308181466784,normal
2025-12-01 12:00:22.350000,27,0.7420024111101251,0.021232343790214436,-48.05235209182344,normal
2025-12-01 12:00:22.400000,28,1.0676968963834823,0.01048773856370655,-42.18823395203583,normal
2025-12-01 12:00:22.450000,29,1.0356094999700367,-0.035504102677498484,-46.257035733305536,normal
2025-12-01 12:00:22.500000,0,1.0930894272146303,-0.02579802763469008,-43.77692539886122,normal
2025-12-01 12:00:22.550000,1,0.8191757310940171,0.00926487564680789,-45.87961552711271,normal
2025-12-01 12:00:22.600000,2,0.9267166094110003,0.03335655474891386,-46.25522646772662,normal
2025-12-01 12:00:22.650000,3,1.0686641833216208,0.059670256796298116,-45.46555401492416,normal
2025-12-01 12:00:22.700000,4,1.018652654101862,-0.1140038378616075,-46.95666246846082,normal
2025-12-01 12:00:22.750000,5,0.968662613869592,0.1176772654950975,-47.25755646981466,normal
2025-12-01 12:00:22.800000,6,0.6294732076719809,-0.1743935296111796,-44.78047830624613,normal
2025-12-01 12:00:22.850000,7,0.9233749571935302,-0.019972922417578864,-43.94747380435881,normal
2025-12-01 12:00:22.900000,8,0.7285279215844891,-0.0044436353270573825,-43.557212878268864,normal
2025-12-01 12:00:22.950000,9,0.867854817400232,-0.028215084826077153,-48.16188639599936,normal
2025-12-01 12:00:23,10,0.7666132660945812,0.02395968932140846,-48.355606828334544,normal
2025-12-01 12:00:23.050000,11,0.8943709091372386,0.13373720031531944,-48.73859458274091,normal
2025-12-01 12:00:23.100000,12,1.082459591318247,0.0780196636787136,-46.929591212622945,normal
2025-12-01 12:00:23.150000,13,0.7453770844540615,0.12900682497600346,-48.09087238694692,normal
2025-12-01 12:00:23.200000,14,1.0834137597062452,0.022252791594718158,-48.26821481653554,normal
2025-12-01 12:00:23.250000,15,1.0435398539441563,0.023437049491055628,-44.47486528822621,normal
2025-12-01 12:00:23.300000,16,0.7974182934362182,-0.04132100102123104,-43.28985045829663,normal
2025-12-01 12:00:23.350000,17,0.7628458185459919,0.20111469681395278,-42.246807117144805,normal
2025-12-01 12:00:23.400000,18,0.8644849776423689,0.08160541982350455,-46.28514262274368,normal
2025-12-01 12:00:23.450000,19,0.9135413277191456,0.016416770246659773,-43.569002005773584,normal
2025-12-01 12:00:23.500000,20,0.9553674393353905,-0.11979749746318635,-42.76223368427349,normal
2025-12-01 12:00:23.550000,21,0.951638236120437,0.0323446557307725,-47.541249706896096,normal
2025-12-01 12:00:23.600000,22,1.0978366264642703,-0.1346904603051131,-44.06978899693338,normal
2025-12-01 12:00:23.650000,23,0.9387498533068029,-0.17068577016087438,-44.9584515951863,normal
2025-12-01 12:00:23.700000,24,1.0388165123829203,-0.08588602442679427,-44.243129542322734,normal
2025-12-01 12:00:23.750000,25,1.0270217435655091,0.07279169492305293,-48.01911939450139,normal
2025-12-01 12:00:23.800000,26,0.9153555863376842,-0.027399822386942496,-48.37365559054909,normal
2025-12-01 12:00:23.850000,27,0.8733898727263647,0.0731784375402369,-45.48722901814332,normal
2025-12-01 12:00:23.900000,28,1.1167407006452414,0.03367377225402546,-46.22293708302009,normal
2025-12-01 12:00:23.950000,29,0.9428744661093745,-0.0433279697680935,-42.26048544392125,normal
2025-12-01 12:00:24,0,1.053318369463569,-0.1563789942990792,-45.99350020960918,normal
2025-12-01 12:00:24.050000,1,1.0783406763982426,-0.07298580717437009,-46.44382689830136,normal
2025-12-01 12:00:24.100000,2,0.993512094323599,-0.03622422737903275,-41.88470599906604,normal
2025-12-01 12:00:24.150000,3,1.1558132310577878,0.09477212278140801,-46.33397641967711,normal
2025-12-01 12:00:24.200000,4,0.8627794631826021,0.002935462703125502,-44.210058619695424,normal
2025-12-01 12:00:24.250000,5,1.1952941487400162,-0.059962806500430954,-43.920572379435015,normal
2025-12-01 12:00:24.300000,6,0.8685483488158483,-0.18073978245452693,-43.5249915169193,normal
2025-12-01 12:00:24.350000,7,1.2697149798692304,-0.024371947329047128,-44.10362485893431,normal
2025-12-01 12:00:24.400000,8,0.8529588024901887,0.09759503725742036,-43.811780937894596,normal
2025-12-01 12:00:24.450000,9,1.1017859361154057,0.10913321861661274,-43.38293975273154,normal
2025-12-01 12:00:24.500000,10,1.0464261761666538,-0.05127171718170498,-45.08120533445265,normal
2025-12-01 12:00:24.550000,11,0.8971358108389307,0.13701203833926678,-44.40607546749113,normal
2025-12-01 12:00:24.600000,12,0.9544413575701636,0.018680411902550986,-41.61616545581939,normal
2025-12-01 12:00:24.650000,13,1.0792357401504118,-0.10447793727426191,-43.395647530289956,normal
2025-12-01 12:00:24.700000,14,1.182485723061651,0.03667689478509173,-44.35400057875737,normal
2025-12-01 12:00:24.750000,15,0.7821821614822945,-0.0032978362313982323,-45.18950832349094,normal
2025-12-01 12:00:24.800000,16,1.0122001001475518,0.10633791943323345,-43.76535391683353,normal
2025-12-01 12:00:24.850000,17,0.7309157811172765,0.11096087574253133,-43.42882984884904,normal
2025-12-01 12:00:24.900000,18,1.189831482158281,-0.04339775569015636,-40.623061557350525,normal
2025-12-01 12:00:24.950000,19,1.00230326868382,0.007448232561883206,-49.8861846737245,normal
2025-12-01 12:00:25,20,0.7163310183846618,-0.058763789417983325,-45.92189443822606,normal
2025-12-01 12:00:25.050000,21,0.8936967562988778,0.06945245023622171,-44.410903644102504,normal
2025-12-01 12:00:25.100000,22,1.2063812841885322,-0.10837284541292647,-45.88675139279769,normal
2025-12-01 12:00:25.150000,23,0.7235890497488187,0.058673999894887086,-43.49039528304952,normal
2025-12-01 12:00:25.200000,24,1.15477626845461,0.004911527227498436,-44.76317192212049,normal
2025-12-01 12:00:25.250000,25,0.9151318704281561,-0.10916038962819741,-42.5834164670489,normal
2025-12-01 12:00:25.300000,26,0.9967753887436523,0.059683794998143025,-46.01696729245353,normal
2025-12-01 12:00:25.350000,27,0.8638392194852188,-0.05171855249339252,-46.22782821301697,normal
2025-12-01 12:00:25.400000,28,1.1478082664759872,0.17581071618160493,-46.81756274878667,normal
2025-12-01 12:00:25.450000,29,0.9999615854689079,0.042834381937292054,-48.13643260128088,normal
2025-12-01 12:00:25.500000,0,1.0038988536410247,0.08216794418930506,-44.27154698783828,normal
2025-12-01 12:00:25.550000,1,0.8313220217030497,-0.1221612854348284,-45.22848958315069,normal
2025-12-01 12:00:25.600000,2,0.8198208263888872,-0.0669744065788973,-45.69813014449152,normal
2025-12-01 12:00:25.650000,3,0.9532426756817947,0.022592399365098714,-42.707744926888054,normal
2025-12-01 12:00:25.700000,4,1.0745953223438034,-0.10520280184728037,-45.61931975703842,normal
2025-12-01 12:00:25.750000,5,0.7260622381074862,-0.054869462404278035,-43.71946650652278,normal
2025-12-01 12:00:25.800000,6,0.7299565547345739,-0.05200179015431461,-47.024679596654025,normal
2025-12-01 12:00:25.850000,7,1.0476860253590252,0.0968927684982761,-44.90995917993647,normal
2025-12-01 12:00:25.900000,8,0.8197661892440433,0.14216450049866047,-44.77226353172982,normal
2025-12-01 12:00:25.950000,9,0.8883283528148168,-0.01974123051600385,-43.5990240179021,normal
2025-12-01 12:00:26,10,0.7723384554332058,0.009504560740110524,-46.502652152629366,normal
2025-12-01 12:00:26.050000,11,0.9564480670927784,0.02439224793673711,-47.72067706437645,normal
2025-12-01 12:00:26.100000,12,1.0811588799657221,-0.11080086698327074,-45.49873997135443,normal
2025-12-01 12:00:26.150000,13,1.1998489200670732,-0.014750306812690628,-39.88330109218719,normal
2025-12-01 12:00:26.200000,14,1.0077312415951523,0.04829430462490736,-48.24101796816612,normal
2025-12-01 12:00:26.250000,15,1.049928217356482,0.07631266052758923,-42.665655493240735,normal
2025-12-01 12:00:26.300000,16,0.8676423991209322,0.11381117456614476,-47.5409877502283,normal
2025-12-01 12:00:26.350000,17,1.2714704798919412,0.015365727870692236,-46.55136903806846,normal
2025-12-01 12:00:26.400000,18,0.9916611346949634,0.19101913634012968,-48.03686776091255,normal
2025-12-01 12:00:26.450000,19,0.8093790371560554,0.0040330091448890215,-43.781311457383005,normal
2025-12-01 12:00:26.500000,20,1.2391394918253402,-0.09412040674873534,-43.633622575529515,normal
2025-12-01 12:00:26.550000,21,0.9317181471602719,0.004009353723459341,-46.832505716709235,normal
2025-12-01 12:00:26.600000,22,0.9469021584080681,-0.03622989279634181,-48.39840306600177,normal
2025-12-01 12:00:26.650000,23,1.1635781503879565,-0.1814196937210233,-46.06913902973853,normal
2025-12-01 12:00:26.700000,24,0.868428459861964,-0.10957798084587855,-50.024352500946804,normal
2025-12-01 12:00:26.750000,25,0.9267094892449566,0.13100545877732683,-45.1384477413264,normal
2025-12-01 12:00:26.800000,26,1.0128969037052986,-0.014979881266919737,-44.09786545629912,normal
2025-12-01 12:00:26.850000,27,0.6866268715343131,0.08744612024182885,-47.8177015557684,normal
2025-12-01 12:00:26.900000,28,0.8763966504052104,-0.17632947190564074,-45.92776739832657,normal
2025-12-01 12:00:26.950000,29,1.148790346075435,-0.07356716973827515,-44.28295780647666,normal
2025-12-01 12:00:27,0,1.0259935628251835,0.08680786899302362,-42.76496403683082,normal
2025-12-01 12:00:27.050000,1,1.0685420260783993,0.12164354397296329,-42.8203798696359,normal
2025-12-01 12:00:27.100000,2,0.9534690009647887,0.04037812941930152,-43.172631031613285,normal
2025-12-01 12:00:27.150000,3,0.9896100672706992,0.04609587083307254,-44.008264988177686,normal
2025-12-01 12:00:27.200000,4,0.6972739627985112,0.05432571595946234,-42.975328455337085,normal
2025-12-01 12:00:27.250000,5,1.1391856050277,0.010030786543755887,-46.397079067733806,normal
2025-12-01 12:00:27.300000,6,1.0952392939824016,-0.24357368010922897,-43.65277076554293,normal
2025-12-01 12:00:27.350000,7,0.6424133796464941,0.08998748502661247,-43.48707618000709,normal
2025-12-01 12:00:27.400000,8,0.906616265346773,-0.02453596906003508,-43.96603382845695,normal
2025-12-01 12:00:27.450000,9,0.9131326142034872,0.0021863016297882787,-48.78883730898211,normal
2025-12-01 12:00:27.500000,10,0.9824519606622425,-0.043152112791507324,-48.58605732992505,normal
2025-12-01 12:00:27.550000,11,1.1330429913581281,0.12170472560895496,-45.80124351602288,normal
2025-12-01 12:00:27.600000,12,0.8299874616430573,-0.1543797743587283,-46.33215587903277,normal
2025-12-01 12:00:27.650000,13,0.8801441961573259,-0.126632344714944,-46.92668873856173,normal
2025-12-01 12:00:27.700000,14,1.1603084351930455,0.05346086454862631,-43.17193097493274,normal
2025-12-01 12:00:27.750000,15,1.1347949016919283,0.03746212620213596,-44.01211174408173,normal
2025-12-01 12:00:27.800000,16,0.896845438200068,0.0340988933119033,-46.819095380706564,normal
2025-12-01 12:00:27.850000,17,0.9280574251876607,-0.03927913534042027,-44.35118657712186,normal
2025-12-01 12:00:27.900000,18,1.005308421397794,0.040888153699718544,-44.44075184114153,normal
2025-12-01 12:00:27.950000,19,0.9515095795378264,0.022424213745225963,-44.30999526967789,normal
2025-12-01 12:00:28,20,1.0794996386794626,-0.15013085537616577,-45.155148614994886,normal
2025-12-01 12:00:28.050000,21,1.0944349853244808,0.05315401806537734,-43.62900731256193,normal
2025-12-01 12:00:28.100000,22,1.021843180556497,0.14603702106508143,-42.818045689944505,normal
2025-12-01 12:00:28.150000,23,0.9541297791328793,-0.11107859345686721,-42.95705078868419,normal
2025-12-01 12:00:28.200000,24,0.9747235855446187,-0.06439728632123476,-44.93492066413756,normal
2025-12-01 12:00:28.250000,25,1.0851523288766114,0.08867920822573394,-45.70089793597673,normal
2025-12-01 12:00:28.300000,26,0.8295354931890658,0.03889563682517849,-45.60126760450377,normal
2025-12-01 12:00:28.350000,27,0.952408214694018,0.1499296952809157,-47.62984626950623,normal
2025-12-01 12:00:28.400000,28,1.0375858706604348,0.1322329714612014,-47.644358706675334,normal
2025-12-01 12:00:28.450000,29,1.0085674817336052,0.05877034352591659,-47.72997421525297,normal
2025-12-01 12:00:28.500000,0,0.9380497379914811,-0.025790548067616825,-41.708370807752395,normal
2025-12-01 12:00:28.550000,1,1.1184613667081917,0.01674914094816282,-42.94021334541977,normal
2025-12-01 12:00:28.600000,2,0.9745012520924362,-0.05898923735366113,-43.69311822212402,normal
2025-12-01 12:00:28.650000,3,1.2049986906997772,-0.05357743854803898,-45.27462809827162,normal
2025-12-01 12:00:28.700000,4,1.0012111677608806,-0.03472789049537006,-47.31783411660239,normal
2025-12-01 12:00:28.750000,5,1.0556517197944477,-0.07496551645819638,-46.06665099599497,normal
2025-12-01 12:00:28.800000,6,0.8808067360152384,-0.09591938046385584,-49.28689772322744,normal
2025-12-01 12:00:28.850000,7,0.9548644991014371,0.10130040778995664,-47.19795105793685,normal
2025-12-01 12:00:28.900000,8,0.8137947057589869,-0.18578620687292569,-46.28311448627226,normal
2025-12-01 12:00:28.950000,9,1.0797278646046655,-0.09864006705335138,-44.313343059410386,normal
2025-12-01 12:00:29,10,0.8380959854085086,0.07443168316238236,-44.82074787422843,normal
2025-12-01 12:00:29.050000,11,0.9502167778757546,0.08318600435645118,-44.641191743411156,normal
2025-12-01 12:00:29.100000,12,1.019701997578699,0.08961155269834586,-43.85893514147918,normal
2025-12-01 12:00:29.150000,13,1.161825844800831,0.0078433862774685,-46.279452713491764,normal
2025-12-01 12:00:29.200000,14,0.7263260272838916,-0.04413028453515544,-44.47966931412777,normal
2025-12-01 12:00:29.250000,15,1.2947568622376728,-0.06836820121437759,-45.56462182829936,normal
2025-12-01 12:00:29.300000,16,0.9861035994208681,0.10352059921270573,-46.74784850040848,normal
2025-12-01 12:00:29.350000,17,0.869916663813467,0.04545526436074754,-45.21901009123465,normal
2025-12-01 12:00:29.400000,18,0.9933379593873592,-0.03150337228419042,-46.1769112964693,normal
2025-12-01 12:00:29.450000,19,0.9732155256771744,-0.07078591162226378,-44.16738877656847,normal
2025-12-01 12:00:29.500000,20,0.7581773845791866,-0.16334716063506782,-46.73825417198624,normal
2025-12-01 12:00:29.550000,21,0.8963701916892708,-0.08851730873154562,-45.9184930694614,normal
2025-12-01 12:00:29.600000,22,1.112226879730179,0.029589919581193058,-40.59305579733452,normal
2025-12-01 12:00:29.650000,23,1.157273236989177,-0.07053165847230858,-46.098030105104044,normal
2025-12-01 12:00:29.700000,24,0.8471595802178039,0.18228760584750914,-43.747600021128896,normal
2025-12-01 12:00:29.750000,25,0.9993661133552217,0.026884152398170436,-46.9768153739953,normal
2025-12-01 12:00:29.800000,26,1.5056871592864127,-0.025333986735483816,-46.22266977624902,normal
2025-12-01 12:00:29.850000,27,1.2030531643396047,0.02327044973135939,-43.00060072365104,normal
2025-12-01 12:00:29.900000,28,0.9983628748188541,0.16180619270091157,-45.78276671124343,normal
2025-12-01 12:00:29.950000,29,0.9730577129377018,0.1107553244496331,-41.827698068641304,normal
2025-12-01 12:00:30,0,0.8187547668656198,0.039617864286892956,-47.90482656070514,normal
2025-12-01 12:00:30.050000,1,0.953359030903915,-0.08079574032947257,-49.67544900187714,normal
2025-12-01 12:00:30.100000,2,1.0212764447041085,0.15938328417444403,-43.52355695267456,normal
2025-12-01 12:00:30.150000,3,0.8773382282749337,-0.054707866820607354,-41.67559741122621,normal
2025-12-01 12:00:30.200000,4,1.1520024529226678,0.014311657878644635,-44.288159473746354,normal
2025-12-01 12:00:30.250000,5,0.9019172390054028,0.1115327070949359,-40.65487569631429,normal
2025-12-01 12:00:30.300000,6,0.9623780772843783,-0.08262581903232169,-42.539335181550456,normal
2025-12-01 12:00:30.350000,7,1.4061689709700291,-0.0284806639075339,-48.04530853158571,normal
2025-12-01 12:00:30.400000,8,0.9117607626705395,-0.012756685542006263,-44.63276232558982,normal
2025-12-01 12:00:30.450000,9,0.768661884158586,0.05982655760144562,-43.849867151296486,normal
2025-12-01 12:00:30.500000,10,0.6745159268412693,-0.04189673716291065,-45.52377989247414,normal
2025-12-01 12:00:30.550000,11,0.7567963445871912,0.10298591568447346,-44.92357388630446,normal
2025-12-01 12:00:30.600000,12,1.3413943369834325,0.180235982234902,-43.925876098885766,normal
2025-12-01 12:00:30.650000,13,1.1275881771421803,-0.18765963074580672,-44.00874028502156,normal
2025-12-01 12:00:30.700000,14,1.0694425049766991,0.10512704050076715,-47.55259809135362,normal
2025-12-01 12:00:30.750000,15,1.1671710290574953,0.01718770171962447,-43.962265999163215,normal
2025-12-01 12:00:30.800000,16,1.3825323875630615,0.07504976542833841,-46.57338214553464,normal
2025-12-01 12:00:30.850000,17,0.8384118397872357,0.07865504832102443,-44.85207564073198,normal
2025-12-01 12:00:30.900000,18,0.8585012139875463,0.12426928859844333,-47.03595354476165,normal
2025-12-01 12:00:30.950000,19,1.0195959970071076,0.03351065776130602,-45.370798648614546,normal
2025-12-01 12:00:31,20,1.0579091063560255,-0.05747756570529372,-45.75593638131844,normal
2025-12-01 12:00:31.050000,21,1.1928908763613415,-0.07994042288481351,-42.1414983685947,normal
2025-12-01 12:00:31.100000,22,0.7397101200237309,-0.1353418043096184,-49.57275465982433,normal
2025-12-01 12:00:31.150000,23,0.8273750944026282,-0.03446263950201711,-45.26909470369547,normal
2025-12-01 12:00:31.200000,24,1.0326325279108979,0.02633769022880017,-44.380500107346194,normal
2025-12-01 12:00:31.250000,25,0.9368251094499533,0.1821499832254161,-45.425089533859385,normal
2025-12-01 12:00:31.300000,26,1.0132133885271468,0.06518256303670755,-47.35718703229467,normal
2025-12-01 12:00:31.350000,27,1.0282728825342826,0.19824092574205476,-43.84640227068498,normal
2025-12-01 12:00:31.400000,28,0.9471382964795136,0.07907927538607806,-50.33919016154679,normal
2025-12-01 12:00:31.450000,29,0.8626869064859797,0.00479645588935762,-48.0446231179993,normal
2025-12-01 12:00:31.500000,0,1.1021667214162423,0.2170481600261005,-46.08845405850594,normal
2025-12-01 12:00:31.550000,1,1.1346525003865655,-0.14166633596411948,-43.785502546961084,normal
2025-12-01 12:00:31.600000,2,1.043132001225915,0.06657260362977668,-46.791134128247016,normal
2025-12-01 12:00:31.650000,3,0.8724519065625425,-0.10894741931068364,-44.927329862145044,normal
2025-12-01 12:00:31.700000,4,0.8727426860013497,0.04035915078318686,-45.240679417343024,normal
2025-12-01 12:00:31.750000,5,0.7643309187519083,0.03468843225732421,-46.228265551019966,normal
2025-12-01 12:00:31.800000,6,0.7706333375091364,-0.09699029410020099,-44.54524371108242,normal
2025-12-01 12:00:31.850000,7,1.0280465693157457,0.029154103863408665,-45.54229705939056,normal
2025-12-01 12:00:31.900000,8,1.1184878165428065,-0.05123109800728809,-43.47423828712577,normal
2025-12-01 12:00:31.950000,9,1.2070177441706889,0.08078735450060703,-44.97876659918199,normal
2025-12-01 12:00:32,10,1.1617405905356009,0.02216181165628317,-44.87092711929899,normal
2025-12-01 12:00:32.050000,11,1.2010440432724523,0.14312656574774119,-42.16059817147351,normal
2025-12-01 12:00:32.100000,12,0.9834104966397341,0.1238565812592225,-44.97890024039771,normal
2025-12-01 12:00:32.150000,13,0.8633598693775042,0.07061650200926017,-46.1070452049088,normal
2025-12-01 12:00:32.200000,14,0.7627475046849257,0.03267864970625611,-43.60274532671528,normal
2025-12-01 12:00:32.250000,15,1.2790437679375142,0.10167695819921274,-44.978950166484765,normal
2025-12-01 12:00:32.300000,16,0.9816530880450407,0.06088427184199929,-46.25729763126976,normal
2025-12-01 12:00:32.350000,17,0.8114858391838813,-0.04398572847977267,-48.174581149341364,normal
2025-12-01 12:00:32.400000,18,0.7890302460432883,-0.10260011383327683,-45.81447185617209,normal
2025-12-01 12:00:32.450000,19,0.8782984886558058,0.0812043064504131,-48.337106150611575,normal
2025-12-01 12:00:32.500000,20,1.0633017405326148,0.1492301319681184,-44.02401056926719,normal
2025-12-01 12:00:32.550000,21,1.1195256909989508,0.07501813677882074,-45.35487363550582,normal
2025-12-01 12:00:32.600000,22,1.0918395817045077,0.14024457245709598,-47.15874810440205,normal
2025-12-01 12:00:32.650000,23,0.8825465133624764,0.028368116862361514,-47.42355376742822,normal
2025-12-01 12:00:32.700000,24,1.16874781408411,-0.15525085811428863,-45.48504098082544,normal
2025-12-01 12:00:32.750000,25,1.1053592471428033,-0.3130534345058482,-41.587121843610724,normal
2025-12-01 12:00:32.800000,26,1.0431084009633858,-0.17022335653689868,-41.512667930030986,normal
2025-12-01 12:00:32.850000,27,1.2217891226473778,-0.1907484157354995,-45.82363034148159,normal
2025-12-01 12:00:32.900000,28,0.929629941073782,-0.03603746100783134,-44.09972139648895,normal
2025-12-01 12:00:32.950000,29,0.9063145063993499,0.20299003677220329,-47.838753937556575,normal
2025-12-01 12:00:33,0,1.226365764084795,-0.1625206132311252,-44.51216221767763,normal
2025-12-01 12:00:33.050000,1,0.8782562409311583,-0.07610150772111757,-47.43498996128476,normal
2025-12-01 12:00:33.100000,2,0.7320868431039818,0.06847788226959439,-45.40693868785878,normal
2025-12-01 12:00:33.150000,3,1.0758986847780767,0.18922369520414373,-43.94439873381243,normal
2025-12-01 12:00:33.200000,4,0.9982486292232268,0.06703151621648873,-45.83005111147898,normal
2025-12-01 12:00:33.250000,5,1.0620333310445669,0.023581625317608435,-46.79268209178958,normal
2025-12-01 12:00:33.300000,6,0.9820935033352778,-0.027283495276408054,-43.39015909968958,normal
2025-12-01 12:00:33.350000,7,1.0627854560656231,0.013519462510795055,-44.90808413982996,normal
2025-12-01 12:00:33.400000,8,0.9509961795985928,-0.021279429478114675,-41.49713462867589,normal
2025-12-01 12:00:33.450000,9,1.1286435657674618,0.056025124014439154,-42.33984222860331,normal
2025-12-01 12:00:33.500000,10,1.088446447370902,0.06739082953969033,-46.88678932625754,normal
2025-12-01 12:00:33.550000,11,1.0543233922022188,0.06000551413950861,-45.34614659040842,normal
2025-12-01 12:00:33.600000,12,0.7757380912754964,-0.025273613759428937,-48.26359155734798,normal
2025-12-01 12:00:33.650000,13,1.0844011584084976,-0.06038408826839836,-43.31612960721432,normal
2025-12-01 12:00:33.700000,14,0.9420230037893801,0.03590435201404363,-45.66883102384193,normal
2025-12-01 12:00:33.750000,15,1.303352269743156,0.0866484555500926,-45.46081188901021,normal
2025-12-01 12:00:33.800000,16,0.9238225182311733,-0.14269240361916813,-41.636460107984,normal
2025-12-01 12:00:33.850000,17,1.217257378803957,-0.12380399107095785,-43.897891906518126,normal
2025-12-01 12:00:33.900000,18,1.0386243701580864,0.05361746161693137,-45.51968502652358,normal
2025-12-01 12:00:33.950000,19,1.088179611228998,0.02743049722036739,-43.449893147168964,normal
2025-12-01 12:00:34,20,0.9617097245736053,0.005497796776946728,-45.63869196513453,normal
2025-12-01 12:00:34.050000,21,1.180138507824563,-0.14323835755793546,-49.53149394504222,normal
2025-12-01 12:00:34.100000,22,1.217695646496129,-0.0787653548379792,-45.31612044924651,normal
2025-12-01 12:00:34.150000,23,1.0115861710685186,-0.08760301835270923,-46.125637980262816,normal
2025-12-01 12:00:34.200000,24,0.7972531313529899,0.007233206528591385,-44.6120841272164,normal
2025-12-01 12:00:34.250000,25,0.7119536442893646,0.12243718743923315,-46.42316033576628,normal
2025-12-01 12:00:34.300000,26,0.9910876208959367,-0.10365672930793046,-46.51329543497648,normal
2025-12-01 12:00:34.350000,27,0.8966947074373625,0.10070688611573653,-44.28468142267325,normal
2025-12-01 12:00:34.400000,28,0.9893170716737387,-0.06786473274671989,-43.438297335670434,normal
2025-12-01 12:00:34.450000,29,1.1561284404714434,0.0562796057938173,-46.94842358399739,normal
2025-12-01 12:00:34.500000,0,1.1321405817234202,-0.020162299493289293,-48.104976762448736,normal
2025-12-01 12:00:34.550000,1,0.8518726302317389,0.09312931698628146,-45.28029224794134,normal
2025-12-01 12:00:34.600000,2,1.063569574080454,-0.04245962799443426,-43.66674203480584,normal
2025-12-01 12:00:34.650000,3,0.9737202904035512,-0.049630826962982155,-41.43860297730759,normal
2025-12-01 12:00:34.700000,4,1.4211814426048348,-0.07586187269430411,-40.934337457125956,normal
2025-12-01 12:00:34.750000,5,1.1564798003535337,0.023841357122973417,-45.43545791570823,normal
2025-12-01 12:00:34.800000,6,0.8338361552298927,0.16831805723931348,-47.31784718789118,normal
2025-12-01 12:00:34.850000,7,1.2468498705242552,0.014572313743685505,-46.27617644728675,normal
2025-12-01 12:00:34.900000,8,0.7180670951901298,0.07293331058283936,-43.97749946943093,normal
2025-12-01 12:00:34.950000,9,1.0602117178338144,0.009109396457960717,-45.26032236330823,normal
2025-12-01 12:00:35,10,0.9697821599174824,0.01967331102284975,-48.80436371436622,normal
2025-12-01 12:00:35.050000,11,1.104319977632572,-0.14771554825182198,-41.35018314288086,normal
2025-12-01 12:00:35.100000,12,1.0242928623413978,-0.06736451963635304,-44.75755601502191,normal
2025-12-01 12:00:35.150000,13,0.8061356026055385,-0.1460935952077156,-44.39386229904685,normal
2025-12-01 12:00:35.200000,14,1.3037619582758726,0.11016928634883172,-41.21575128167517,normal
2025-12-01 12:00:35.250000,15,0.8551725711519057,0.07690978901105971,-44.24411447616305,normal
2025-12-01 12:00:35.300000,16,0.9529936397673271,0.029225296228748476,-42.87873527820854,normal
2025-12-01 12:00:35.350000,17,0.9697881565665238,-0.1327193910404212,-48.74362788258617,normal
2025-12-01 12:00:35.400000,18,0.9445935028009436,-0.04420548532691049,-45.26820818794408,normal
2025-12-01 12:00:35.450000,19,0.9558913812769476,-0.0938558286435014,-42.2454567841299,normal
2025-12-01 12:00:35.500000,20,1.2264330288547307,0.1909248862470143,-44.161798328343785,normal
2025-12-01 12:00:35.550000,21,0.9229669918214847,-0.09804176000858966,-46.237715361874386,normal
2025-12-01 12:00:35.600000,22,0.7452129838195689,0.09533341471364665,-44.2905272312411,normal
2025-12-01 12:00:35.650000,23,1.188451514992263,0.05272077216720383,-44.89135087338022,normal
2025-12-01 12:00:35.700000,24,1.0685531669799575,0.11252824808592177,-45.16103929880441,normal
2025-12-01 12:00:35.750000,25,1.3003263079592051,0.03846840959176179,-46.8760320862713,normal
2025-12-01 12:00:35.800000,26,1.2165005233953168,0.1254584196160966,-45.990494184246366,normal
2025-12-01 12:00:35.850000,27,1.0430730058775857,-0.0038187703108429893,-42.58740240579224,normal
2025-12-01 12:00:35.900000,28,0.9179817982992409,-0.019464236670633905,-44.24536682887648,normal
2025-12-01 12:00:35.950000,29,0.9073354756209178,0.03901335930997174,-46.954393626254536,normal
2025-12-01 12:00:36,0,1.163849733633994,-0.0032347186767909264,-43.892300145254666,normal
2025-12-01 12:00:36.050000,1,1.040815933668772,-0.021138852068686376,-48.74016626754958,normal
2025-12-01 12:00:36.100000,2,1.0001506563722775,0.05752042319757278,-48.40226137937098,normal
2025-12-01 12:00:36.150000,3,1.2650649647088468,0.055845705845480875,-44.25137601875952,normal
2025-12-01 12:00:36.200000,4,0.9781044974412639,0.06803992594997954,-46.236344782728956,normal
2025-12-01 12:00:36.250000,5,1.0444992328516525,0.10339847752674025,-44.57540376827956,normal
2025-12-01 12:00:36.300000,6,0.8383612410359131,-0.10965231980159684,-45.51474093891066,normal
2025-12-01 12:00:36.350000,7,0.8855745282293049,-0.059812314865442584,-45.504190032792565,normal
2025-12-01 12:00:36.400000,8,0.7389218105504682,0.03906480977592652,-45.099981710525604,normal
2025-12-01 12:00:36.450000,9,0.8079744673957742,0.05584686221745416,-46.43985963914807,normal
2025-12-01 12:00:36.500000,10,1.0998547118851651,0.10833818157559216,-46.31348598748362,normal
2025-12-01 12:00:36.550000,11,0.9777824045476937,0.06249067122109686,-44.72582237881368,normal
2025-12-01 12:00:36.600000,12,0.8750182569441943,-0.026054701257007373,-46.50325197191292,normal
2025-12-01 12:00:36.650000,13,1.109830129171154,-0.013745857597398992,-43.600721923269916,normal
2025-12-01 12:00:36.700000,14,0.9586928994834369,0.18156475099513436,-44.947612133526384,normal
2025-12-01 12:00:36.750000,15,1.1664308527171292,0.05070384387878013,-43.68430486604215,normal
2025-12-01 12:00:36.800000,16,1.2304771828083167,-0.1449011112814409,-41.17111264829401,normal
2025-12-01 12:00:36.850000,17,0.7928082761247675,0.06017553744595627,-44.13946120436912,normal
2025-12-01 12:00:36.900000,18,1.0598384326606038,0.10018535157175723,-47.64189571585133,normal
2025-12-01 12:00:36.950000,19,1.152925398157988,-0.01657731930592643,-42.6010284959186,normal
2025-12-01 12:00:37,20,0.8209059932136756,-0.1236031926832708,-49.24149298327489,normal
2025-12-01 12:00:37.050000,21,0.8503974789943176,-0.10239062561183276,-45.34149571570589,normal
2025-12-01 12:00:37.100000,22,1.1574871201539552,-0.057086939318438557,-43.242578016948514,normal
2025-12-01 12:00:37.150000,23,1.036649357793261,-0.07007890116974957,-44.34048882010409,normal
2025-12-01 12:00:37.200000,24,0.9075196694223944,-0.16480505791421862,-45.31671235411823,normal
2025-12-01 12:00:37.250000,25,1.0467841192326617,0.11774541307708386,-45.19174758403079,normal
2025-12-01 12:00:37.300000,26,1.053245315963925,-0.013078222260688666,-45.71495592399682,normal
2025-12-01 12:00:37.350000,27,0.8441340587626406,-0.060748368485755044,-45.51426521417196,normal
2025-12-01 12:00:37.400000,28,1.1695045767123309,0.058026367726084604,-47.285416634868696,normal
2025-12-01 12:00:37.450000,29,0.9040195380933377,-0.12077885003830202,-42.538673937663305,normal
2025-12-01 12:00:37.500000,0,0.8853366882035958,0.15304225830884421,-45.5106791547183,normal
2025-12-01 12:00:37.550000,1,0.970541426874686,0.012120298575252875,-41.958644321810446,normal
2025-12-01 12:00:37.600000,2,1.2675971496304212,0.05982551748839171,-43.319524119715794,normal
2025-12-01 12:00:37.650000,3,1.0908042540139513,-0.03892161542147443,-45.75385086639644,normal
2025-12-01 12:00:37.700000,4,0.9277039850983666,-0.14949956165242906,-44.49014596305701,normal
2025-12-01 12:00:37.750000,5,0.944488772804746,-0.24113748790229828,-46.17732084407586,normal
2025-12-01 12:00:37.800000,6,1.043420128973476,0.05989492127179519,-46.671739364792366,normal
2025-12-01 12:00:37.850000,7,1.27444943320226,0.04268781226266061,-44.74606647320111,normal
2025-12-01 12:00:37.900000,8,0.9659576737379008,-0.07616675077494639,-41.530297214467666,normal
2025-12-01 12:00:37.950000,9,1.0550476755862217,-0.26735255360677046,-50.510495548703965,normal
2025-12-01 12:00:38,10,0.8577505955486519,-0.10965079736024652,-43.74080893146909,normal
2025-12-01 12:00:38.050000,11,0.9303615190110631,0.0709077079641145,-39.95171744935047,normal
2025-12-01 12:00:38.100000,12,1.2239108920099857,0.12507549716844224,-45.007244543157015,normal
2025-12-01 12:00:38.150000,13,0.7422124884772476,-0.12745883573499084,-47.26861614098323,normal
2025-12-01 12:00:38.200000,14,0.9184714389010814,0.022274052329671168,-42.95472810399749,normal
2025-12-01 12:00:38.250000,15,1.185012600909543,-0.09098807060860281,-46.19938672872709,normal
2025-12-01 12:00:38.300000,16,0.9585047678230313,-0.12518978528480051,-43.240285726060385,normal
2025-12-01 12:00:38.350000,17,1.3104671437747064,0.05254643521947866,-46.91318636170248,normal
2025-12-01 12:00:38.400000,18,1.0272180579760286,-0.08908421018219226,-46.70855098651686,normal
2025-12-01 12:00:38.450000,19,0.8364686337642183,0.09028198759288975,-43.77171443646465,normal
2025-12-01 12:00:38.500000,20,0.9931552138739869,-0.04300282739057071,-47.184642986720576,normal
2025-12-01 12:00:38.550000,21,1.0977191629711796,-0.24872088546046633,-43.84039266587027,normal
2025-12-01 12:00:38.600000,22,1.0819349826072895,0.08926294554820347,-47.935403447199825,normal
2025-12-01 12:00:38.650000,23,0.9226417047681188,-0.04004261269681608,-42.648528823588244,normal
2025-12-01 12:00:38.700000,24,0.8635744344406371,-0.11337509765180531,-40.9469370161927,normal
2025-12-01 12:00:38.750000,25,1.0838483853707364,0.050833683452452316,-44.77439330539211,normal
2025-12-01 12:00:38.800000,26,0.9672084585415581,-0.001501787364122098,-40.18269714579113,normal
2025-12-01 12:00:38.850000,27,1.0323235523498375,0.09989238731849337,-43.50471641663093,normal
2025-12-01 12:00:38.900000,28,1.1977981948269054,0.1109639035350698,-43.345909282252954,normal
2025-12-01 12:00:38.950000,29,1.169906942708879,-0.06348402766266092,-47.29901923180828,normal
2025-12-01 12:00:39,0,0.8193586115342395,0.10271193276901558,-44.19552889349769,normal
2025-12-01 12:00:39.050000,1,0.836243851086893,-0.05147386873741944,-44.977822297703,normal
2025-12-01 12:00:39.100000,2,1.0842865908776669,-0.02005993934751471,-40.39855645881872,normal
2025-12-01 12:00:39.150000,3,1.1751008632163984,-0.004147624351166446,-41.41618421386935,normal
2025-12-01 12:00:39.200000,4,0.815366348549047,-0.03622855153883586,-43.01790348113727,normal
2025-12-01 12:00:39.250000,5,0.9083032622786563,0.03255764550222873,-42.22133308483749,normal
2025-12-01 12:00:39.300000,6,0.9520713276808587,0.01701587811086336,-43.83578134531299,normal
2025-12-01 12:00:39.350000,7,0.9172468028161593,0.014907330565154364,-46.2894195447547,normal
2025-12-01 12:00:39.400000,8,0.8366899825398828,0.35761255751902254,-42.511476903640386,normal
2025-12-01 12:00:39.450000,9,0.7444478305182136,-0.06923385301606855,-46.50458424257464,normal
2025-12-01 12:00:39.500000,10,1.13965743938702,-0.03602020429236186,-46.381427056698044,normal
2025-12-01 12:00:39.550000,11,1.2641361004980949,0.036065694838145035,-47.61858068248663,normal
2025-12-01 12:00:39.600000,12,0.9015812709732393,0.017052668198957566,-43.48039486171539,normal
2025-12-01 12:00:39.650000,13,0.972430072225047,-0.10493394123689503,-44.842304958167134,normal
2025-12-01 12:00:39.700000,14,1.0450220110635242,-0.06050968880954688,-42.61371160713214,normal
2025-12-01 12:00:39.750000,15,0.9811395355223856,0.1691905587490523,-46.76374151122151,normal
2025-12-01 12:00:39.800000,16,1.0182024879172737,0.04868052119371136,-45.69035408701205,normal
2025-12-01 12:00:39.850000,17,0.9701412427892644,0.2348730340300209,-42.82200292929315,normal
2025-12-01 12:00:39.900000,18,1.1006006512109494,0.03222407678456829,-46.26234168021758,normal
2025-12-01 12:00:39.950000,19,1.0047655052694149,-0.16705468471174312,-45.27500304775364,normal
2025-12-01 12:00:40,20,1.06532749611786,-0.10066860055351867,-45.37384360544998,normal
2025-12-01 12:00:40.050000,21,1.3399916778172645,0.2252746743790741,-45.24470709763399,normal
2025-12-01 12:00:40.100000,22,0.6776744597117439,-0.1375353548345295,-44.4511047906586,normal
2025-12-01 12:00:40.150000,23,1.0466224062310217,-0.17450268197393948,-44.33404008747623,normal
2025-12-01 12:00:40.200000,24,1.135322323848948,0.08783963400220074,-46.44783739703324,normal
2025-12-01 12:00:40.250000,25,0.8372946072337341,-0.0013732368484706825,-43.18821206752247,normal
2025-12-01 12:00:40.300000,26,1.2135397211561776,-0.04993255931720553,-45.20935813596225,normal
2025-12-01 12:00:40.350000,27,1.0126616146838392,0.13709069118025807,-48.41377086369786,normal
2025-12-01 12:00:40.400000,28,0.8944835709039883,-0.11248950657951928,-46.622935742733155,normal
2025-12-01 12:00:40.450000,29,1.1097036278529582,-0.0881645871814416,-45.96888883224471,normal
2025-12-01 12:00:40.500000,0,1.1015560770002624,0.12246835717617488,-44.75525924722478,normal
2025-12-01 12:00:40.550000,1,1.0632227768757796,-0.07986340254407231,-44.0327097683362,normal
2025-12-01 12:00:40.600000,2,0.838851071428671,0.026049091446419315,-43.72733367645076,normal
2025-12-01 12:00:40.650000,3,1.0170677952975513,-0.007038131734768527,-46.26988576910517,normal
2025-12-01 12:00:40.700000,4,0.8799425456082729,0.001957127735905395,-45.53348939569813,normal
2025-12-01 12:00:40.750000,5,0.7388905346874715,0.12668249454035907,-44.12637063506498,normal
2025-12-01 12:00:40.800000,6,0.9308899521528424,-0.031213413494520115,-45.35863559360541,normal
2025-12-01 12:00:40.850000,7,0.7806691443163367,-0.04751921387211455,-43.26464229887276,normal
2025-12-01 12:00:40.900000,8,1.0603353448654478,-0.11944244153175765,-43.84226068074562,normal
2025-12-01 12:00:40.950000,9,0.9190506900715534,0.02601273929421799,-45.59259536239303,normal
2025-12-01 12:00:41,10,1.1554861914103562,-0.0968177621970554,-43.72934625781825,normal
2025-12-01 12:00:41.050000,11,0.8729685582976751,-0.027893161990330206,-44.225043658244104,normal
2025-12-01 12:00:41.100000,12,0.9789279578108262,-0.041245379500768564,-46.65648351091837,normal
2025-12-01 12:00:41.150000,13,1.0092214018501355,-0.0943135281124996,-44.57254801683188,normal
2025-12-01 12:00:41.200000,14,1.255056597672317,-0.14396189197622178,-45.533775889515105,normal
2025-12-01 12:00:41.250000,15,1.3711393692728842,-0.07903979609314282,-44.436793867224345,normal
2025-12-01 12:00:41.300000,16,1.1198302452637596,-0.05386357623832394,-45.38350781754271,normal
2025-12-01 12:00:41.350000,17,0.7874444272029995,-0.03385303251916838,-46.97192113656797,normal
2025-12-01 12:00:41.400000,18,1.0897051007715597,0.06353240254015313,-45.1333122648365,normal
2025-12-01 12:00:41.450000,19,0.880406265678004,-0.005784392692163909,-41.733713815355785,normal
2025-12-01 12:00:41.500000,20,0.9756630384287864,0.03318769423530332,-45.69870749657037,normal
2025-12-01 12:00:41.550000,21,1.2751045512502823,-0.06524177220431548,-43.796365181395736,normal
2025-12-01 12:00:41.600000,22,1.0878861520606726,0.052030813441550805,-44.57705761112045,normal
2025-12-01 12:00:41.650000,23,1.256658928587377,-0.09430973462969794,-44.862432997202326,normal
2025-12-01 12:00:41.700000,24,1.0230236296136577,-0.051925599967327596,-44.34341120850247,normal
2025-12-01 12:00:41.750000,25,1.159612399216101,-0.09345324001526611,-46.562872370510796,normal
2025-12-01 12:00:41.800000,26,0.9177820202560658,-0.07810348137193479,-44.123704763541696,normal
2025-12-01 12:00:41.850000,27,0.7413029010707068,0.08693886968886622,-45.858544753899714,normal
2025-12-01 12:00:41.900000,28,0.9542327155619612,-0.0003556886419553429,-50.11195976270852,normal
2025-12-01 12:00:41.950000,29,1.3888672362886105,0.16922572851303208,-46.280245779448904,normal
2025-12-01 12:00:42,0,1.0352986370228943,0.09208776106394145,-44.06330536791371,normal
2025-12-01 12:00:42.050000,1,0.9734058847904505,-0.12529594620261486,-46.93779833785951,normal
2025-12-01 12:00:42.100000,2,0.634289936716196,-0.023249912679848883,-47.55097486884256,normal
2025-12-01 12:00:42.150000,3,1.1566924011060147,0.044133537644770016,-42.97051464993695,normal
2025-12-01 12:00:42.200000,4,1.0891734398734254,0.14561127514972894,-39.858212867426126,normal
2025-12-01 12:00:42.250000,5,0.9442836058945502,0.04085761543108646,-42.602459167206796,normal
2025-12-01 12:00:42.300000,6,0.9853214605241888,0.10438424411774294,-46.2617973183956,normal
2025-12-01 12:00:42.350000,7,0.9064780241906671,-0.14049953957424632,-44.81916890888006,normal
2025-12-01 12:00:42.400000,8,0.7208385183461746,-0.10825737023127635,-44.31915080832733,normal
2025-12-01 12:00:42.450000,9,0.8210512701193822,-0.006754921337055464,-41.888466305397074,normal
2025-12-01 12:00:42.500000,10,0.9657489829937513,-0.17379889681123029,-44.403577890173814,normal
2025-12-01 12:00:42.550000,11,1.0055545983570906,-0.14078231389417306,-43.64232907106049,normal
2025-12-01 12:00:42.600000,12,0.8094263115945448,-0.12315114703209051,-43.19827967592214,normal
2025-12-01 12:00:42.650000,13,1.0309569234788556,-0.0016573946276734475,-48.26789322270868,normal
2025-12-01 12:00:42.700000,14,0.9551848047755389,0.14841646011598053,-44.745881827575495,normal
2025-12-01 12:00:42.750000,15,1.207702457630566,-0.01266232996328398,-47.319985331542775,normal
2025-12-01 12:00:42.800000,16,0.8864340246792454,-0.08360290938321713,-46.07986946427762,normal
2025-12-01 12:00:42.850000,17,1.0781376802023783,-0.0672790165831394,-41.14521231145351,normal
2025-12-01 12:00:42.900000,18,1.0638154384443186,-0.11297575856391795,-42.85417855961462,normal
2025-12-01 12:00:42.950000,19,1.0396369246508885,-0.1600327047131498,-47.47510298861213,normal
2025-12-01 12:00:43,20,1.0571321014775006,0.002398625485693362,-43.45816134164782,normal
2025-12-01 12:00:43.050000,21,1.1442987410312073,0.02575503364581566,-45.21890467692713,normal
2025-12-01 12:00:43.100000,22,1.1888302325905207,0.05116746096500613,-50.27631405009555,normal
2025-12-01 12:00:43.150000,23,1.1066722283808053,0.22306130460389628,-47.372564666623596,normal
2025-12-01 12:00:43.200000,24,0.7373659241932851,-0.04160117329048951,-43.88727877275044,normal
2025-12-01 12:00:43.250000,25,1.3220917958767846,0.10148879325362481,-45.29530136310494,normal
2025-12-01 12:00:43.300000,26,0.6056820446707731,0.09763598212834923,-42.53287361138875,normal
2025-12-01 12:00:43.350000,27,1.2067688464788193,0.0010031917717845396,-48.72255765037391,normal
2025-12-01 12:00:43.400000,28,1.0874096882495916,-0.1391876237602303,-45.30458155273185,normal
2025-12-01 12:00:43.450000,29,0.9233309194421525,0.032500528322347844,-45.691485905664784,normal
2025-12-01 12:00:43.500000,0,0.9436106498733831,0.12784136187995987,-44.042457060163635,normal
2025-12-01 12:00:43.550000,1,0.7871918258178787,-0.05203225950192758,-44.27248571709472,normal
2025-12-01 12:00:43.600000,2,0.9023130584809074,-0.023580342482341532,-42.756235910849924,normal
2025-12-01 12:00:43.650000,3,1.3592155770980643,0.011455081282492063,-47.624517772621104,normal
2025-12-01 12:00:43.700000,4,0.9125808641015034,0.08237694438277243,-44.391052365233044,normal
2025-12-01 12:00:43.750000,5,0.8950444397086494,-0.062107348753656755,-45.162249174886355,normal
2025-12-01 12:00:43.800000,6,1.100238691285786,-0.04727791725433006,-43.2358889176653,normal
2025-12-01 12:00:43.850000,7,1.1574013201584863,-0.09851674395275678,-43.86826885267248,normal
2025-12-01 12:00:43.900000,8,0.8068588361206828,0.07295169620964659,-45.97966792370284,normal
2025-12-01 12:00:43.950000,9,0.8218012283031968,-0.06002149634121956,-45.08831439090917,normal
2025-12-01 12:00:44,10,1.135529503541703,0.042738238246077476,-42.27595266945866,normal
2025-12-01 12:00:44.050000,11,0.9390142452093913,0.07948908874309657,-43.11537912579432,normal
2025-12-01 12:00:44.100000,12,0.7386390291182339,0.012908103998451104,-45.42485956887306,normal
2025-12-01 12:00:44.150000,13,1.3144229119809097,-0.14909555105867645,-45.36548218322987,normal
2025-12-01 12:00:44.200000,14,1.001922603667614,-0.09491720398615389,-47.35019682994131,normal
2025-12-01 12:00:44.250000,15,0.8773807803612645,0.1214007010444913,-42.96472698348928,normal
2025-12-01 12:00:44.300000,16,1.0413386462093996,-0.10257781684789302,-45.88204550823764,normal
2025-12-01 12:00:44.350000,17,1.0863023908406015,-0.016839191953915034,-47.03986804228757,normal
2025-12-01 12:00:44.400000,18,0.9444554364257336,-0.13557898411378844,-48.47567227036693,normal
2025-12-01 12:00:44.450000,19,1.0452342524579517,0.04193995647115267,-45.023517435289186,normal
2025-12-01 12:00:44.500000,20,1.0020661595064677,-0.013044964515155577,-44.81957770797276,normal
2025-12-01 12:00:44.550000,21,1.0338671294262136,0.07080365065888472,-42.787003466310516,normal
2025-12-01 12:00:44.600000,22,1.040483390556103,0.12029526933999835,-42.372214442609334,normal
2025-12-01 12:00:44.650000,23,1.106646687249156,0.055947090639935304,-45.559845557336956,normal
2025-12-01 12:00:44.700000,24,0.9749123123767781,0.24931105561246447,-50.08165009745043,normal
2025-12-01 12:00:44.750000,25,0.9815321057102349,-0.08855819850851754,-44.46179986202382,normal
2025-12-01 12:00:44.800000,26,0.9483641217686144,-0.011640724002077274,-44.7822397435853,normal
2025-12-01 12:00:44.850000,27,0.9633190494985726,0.2649560477143691,-45.59667828048555,normal
2025-12-01 12:00:44.900000,28,1.0201137817215526,0.09133410831030497,-45.81932616816914,normal
2025-12-01 12:00:44.950000,29,0.6313807178590513,-0.1023951560991394,-46.75983002325107,normal
2025-12-01 12:00:45,0,1.0641831957206782,0.04641289719451036,-49.3752009862871,normal
2025-12-01 12:00:45.050000,1,0.955144565831947,0.0388741281798195,-44.47133953176881,normal
2025-12-01 12:00:45.100000,2,1.0803058759755058,0.0339305973756856,-45.68216930150433,normal
2025-12-01 12:00:45.150000,3,1.2808041425803935,0.15245306800792235,-45.82314182408354,normal
2025-12-01 12:00:45.200000,4,1.0046015271747581,-0.023992250024221118,-45.40798600418443,normal
2025-12-01 12:00:45.250000,5,0.7207335331224497,0.08691352515116302,-43.25688232510661,normal
2025-12-01 12:00:45.300000,6,1.1124846474580958,0.127314658591275,-46.094920758532766,normal
2025-12-01 12:00:45.350000,7,0.9596567626713995,0.006553146629714401,-45.514493931654606,normal
2025-12-01 12:00:45.400000,8,1.1393501335895517,0.09118563980279992,-44.07462881471065,normal
2025-12-01 12:00:45.450000,9,0.8529698147510909,-0.02728078821642077,-50.10654108103958,normal
2025-12-01 12:00:45.500000,10,0.8867106620104713,-0.05943057776498284,-45.96247857443163,normal
2025-12-01 12:00:45.550000,11,1.242900305612075,0.17124871120654728,-45.702194521845335,normal
2025-12-01 12:00:45.600000,12,0.7735666109615559,-0.07552300093271036,-44.08698634995931,normal
2025-12-01 12:00:45.650000,13,1.1257603937715448,-0.057928915953711524,-44.29479877307956,normal
2025-12-01 12:00:45.700000,14,0.7937562286249956,0.03231662807258484,-44.58977335476948,normal
2025-12-01 12:00:45.750000,15,0.9629192862884112,-0.18091164353951505,-45.00687989580634,normal
2025-12-01 12:00:45.800000,16,0.9888444171277203,-0.034159516778434984,-45.11265041784002,normal
2025-12-01 12:00:45.850000,17,0.9104451205030001,0.13005464499634467,-47.40910945667521,normal
2025-12-01 12:00:45.900000,18,0.7504992859294894,0.061831176068683824,-44.16626879386794,normal
2025-12-01 12:00:45.950000,19,1.051637543966624,-0.07493353453722218,-47.52023922025561,normal
2025-12-01 12:00:46,20,0.8877308264329602,0.04182089206692208,-44.24064953576807,normal
2025-12-01 12:00:46.050000,21,1.1325170269944222,-0.01799079264536596,-43.44040263260556,normal
2025-12-01 12:00:46.100000,22,1.0648183443219916,-0.1395154079829588,-45.973401983514044,normal
2025-12-01 12:00:46.150000,23,1.0249692355964504,-0.014267623140748587,-47.20156919469739,normal
2025-12-01 12:00:46.200000,24,1.1134517568422586,0.05936005793674104,-41.104626138154636,normal
2025-12-01 12:00:46.250000,25,0.9371594271923529,0.029038948463893544,-48.6884948658433,normal
2025-12-01 12:00:46.300000,26,0.8185807073653651,0.07140127600801316,-45.81407846386929,normal
2025-12-01 12:00:46.350000,27,1.0935071010433728,-0.1462203612649624,-45.3551478628219,normal
2025-12-01 12:00:46.400000,28,1.2289442802699417,-0.14486093459793503,-43.268031765747686,normal
2025-12-01 12:00:46.450000,29,0.9473118019898975,-0.17734105808931355,-42.19820891997487,normal
2025-12-01 12:00:46.500000,0,0.8561183981574062,0.0027136526742359557,-41.8262090397055,normal
2025-12-01 12:00:46.550000,1,1.0696740780565261,0.0829668736735032,-43.88009574312105,normal
2025-12-01 12:00:46.600000,2,1.0264266303533371,0.013000738506835141,-43.98624764935753,normal
2025-12-01 12:00:46.650000,3,0.8308611265548647,0.02081558176898879,-42.17176730355283,normal
2025-12-01 12:00:46.700000,4,0.857609981602156,0.01355940074835793,-44.398515487775306,normal
2025-12-01 12:00:46.750000,5,1.0734976161972514,0.027905991427367827,-42.47576148615977,normal
2025-12-01 12:00:46.800000,6,0.8968116232405662,0.22413702786174827,-40.92550648109922,normal
2025-12-01 12:00:46.850000,7,1.244030158174192,-0.09367629629534191,-43.999429271268006,normal
2025-12-01 12:00:46.900000,8,1.265681858966597,0.06540973553539242,-43.36183057850396,normal
2025-12-01 12:00:46.950000,9,1.0781349144262014,0.13360630565859877,-41.857468513675265,normal
2025-12-01 12:00:47,10,1.0228671035432577,0.04669555543967929,-43.8570336810591,normal
2025-12-01 12:00:47.050000,11,0.8399411109103913,-0.06133454886629597,-43.95114352879462,normal
2025-12-01 12:00:47.100000,12,1.1101152351493613,-0.0007214435941502728,-42.931536849861764,normal
2025-12-01 12:00:47.150000,13,0.7947503032164576,0.12010339714200491,-43.35106609855228,normal
2025-12-01 12:00:47.200000,14,0.9847644448407367,-0.04779533371404865,-41.004279932671636,normal
2025-12-01 12:00:47.250000,15,1.2107031449136936,0.11788779293839502,-46.164054675127794,normal
2025-12-01 12:00:47.300000,16,0.9218802884589634,0.08339882792773512,-41.800763760677214,normal
2025-12-01 12:00:47.350000,17,0.93750971740931,-0.008245245012592495,-42.71730937792858,normal
2025-12-01 12:00:47.400000,18,1.1847596756395977,-0.029804735713316877,-45.01692170474011,normal
2025-12-01 12:00:47.450000,19,1.0224178321676374,-0.018235353390824383,-41.84224779268033,normal
2025-12-01 12:00:47.500000,20,0.8918891354669591,-0.04310731030013848,-47.083712738808714,normal
2025-12-01 12:00:47.550000,21,1.10730903415511,-0.06471423950196042,-42.917650133040816,normal
2025-12-01 12:00:47.600000,22,1.4833603408446652,-0.05867610621134789,-45.80088353671914,normal
2025-12-01 12:00:47.650000,23,1.120215306439358,-0.011469448297085627,-46.646643785320606,normal
2025-12-01 12:00:47.700000,24,1.0810772769738015,0.050085806312047954,-48.69146163977428,normal
2025-12-01 12:00:47.750000,25,0.9549574060624024,0.07836453485007988,-44.37994928368398,normal
2025-12-01 12:00:47.800000,26,0.96567298356739,0.1381212360426658,-44.32098660375702,normal
2025-12-01 12:00:47.850000,27,1.2346449981821428,-0.12472977842101773,-46.39993358412307,normal
2025-12-01 12:00:47.900000,28,1.035495684691238,-0.013168757473333681,-46.18001664090477,normal
2025-12-01 12:00:47.950000,29,1.0714621539995133,-0.023549771889353366,-44.919431742721315,normal
2025-12-01 12:00:48,0,0.9911345292703875,-0.07086911521915962,-44.80473038191456,normal
2025-12-01 12:00:48.050000,1,0.725956703303374,-0.15247312664043067,-43.06135737480117,normal
2025-12-01 12:00:48.100000,2,0.8525638959140864,0.2182796521308088,-43.0277989953671,normal
2025-12-01 12:00:48.150000,3,0.7344692738619399,0.055485117088812874,-45.062752159496405,normal
2025-12-01 12:00:48.200000,4,1.0466329031281838,0.08281393112387336,-43.54131750184144,normal
2025-12-01 12:00:48.250000,5,0.9128462679647814,0.18763934164222684,-44.28578813491196,normal
2025-12-01 12:00:48.300000,6,0.9809613798367239,0.05308355621216121,-47.40872349825533,normal
2025-12-01 12:00:48.350000,7,0.7138571571431211,0.014402001785742247,-45.3564520529897,normal
2025-12-01 12:00:48.400000,8,0.8447252782817843,-0.09827274258980534,-44.5294994498095,normal
2025-12-01 12:00:48.450000,9,0.8683783795036382,0.002042897990760739,-42.473245765453576,normal
2025-12-01 12:00:48.500000,10,1.3624359959647618,-0.02620893571202343,-48.24792685366183,normal
2025-12-01 12:00:48.550000,11,0.9864309285527101,-0.1876092041657711,-41.530011652770476,normal
2025-12-01 12:00:48.600000,12,1.1381155237887208,0.05257826041254221,-49.08610832940795,normal
2025-12-01 12:00:48.650000,13,1.0870597674262135,-0.14031589136165,-43.62561624826171,normal
2025-12-01 12:00:48.700000,14,0.8351127100119046,-0.19556760158618136,-43.86305503759417,normal
2025-12-01 12:00:48.750000,15,1.045030646222683,-0.03471126508442257,-40.36596844225775,normal
2025-12-01 12:00:48.800000,16,0.9312333094651477,-0.030817291864336127,-43.29724124880092,normal
2025-12-01 12:00:48.850000,17,0.8145170831916466,0.06039487855325598,-44.52378728815368,normal
2025-12-01 12:00:48.900000,18,0.8502631873201623,-0.02293259578018425,-49.17831058242445,normal
2025-12-01 12:00:48.950000,19,1.0434138486018314,-0.10688892187091925,-43.231969471958536,normal
2025-12-01 12:00:49,20,1.0815751102516276,-0.05401176554203735,-44.514401192528155,normal
2025-12-01 12:00:49.050000,21,0.9867846900900649,0.12742301076829943,-43.803990705597805,normal
2025-12-01 12:00:49.100000,22,1.0213932601265427,0.08599643546120372,-47.90469312025856,normal
2025-12-01 12:00:49.150000,23,0.9443004745931433,-0.14388373983668945,-44.39886713875685,normal
2025-12-01 12:00:49.200000,24,1.1067670988771174,-0.17320078979262776,-45.803062552562004,normal
2025-12-01 12:00:49.250000,25,1.0463605965224225,-0.018772170773198038,-46.69197903689748,normal
2025-12-01 12:00:49.300000,26,0.9539588824729479,-0.012166219435540526,-44.55002144551927,normal
2025-12-01 12:00:49.350000,27,1.0815754427011066,0.04596081857810397,-45.427059931302004,normal
2025-12-01 12:00:49.400000,28,1.0257914628001166,-0.019281629293784963,-47.09692575849251,normal
2025-12-01 12:00:49.450000,29,0.8221674722904603,-0.0654440513280079,-40.707227317987645,normal
2025-12-01 12:00:49.500000,0,0.9977622799172824,-0.07054811333343114,-45.179513583463525,normal
2025-12-01 12:00:49.550000,1,0.8613543274194584,-0.08643868447843417,-44.683639852776366,normal
2025-12-01 12:00:49.600000,2,0.7864705294335346,-0.17358445291733737,-43.972571310923634,normal
2025-12-01 12:00:49.650000,3,1.058620920428323,0.03099239176575974,-45.204657174458994,normal
2025-12-01 12:00:49.700000,4,0.9580328753694383,-0.12501396886468719,-42.765775396626964,normal
2025-12-01 12:00:49.750000,5,1.0308473613545364,0.08461669345028122,-45.86187381258482,normal
2025-12-01 12:00:49.800000,6,0.8858621468349052,-0.10453299614250877,-48.03007680852731,normal
2025-12-01 12:00:49.850000,7,0.8322515135035989,-0.03088699348591195,-44.85246034352236,normal
2025-12-01 12:00:49.900000,8,0.8983321838548701,-0.16390030906230812,-45.72565227067534,normal
2025-12-01 12:00:49.950000,9,1.3675215367866254,0.05616681250694677,-42.204426531696406,normal
2025-12-01 12:00:50,10,0.9502949653886775,-0.06303402316854001,-46.280046705185136,normal
2025-12-01 12:00:50.050000,11,0.9083611682085884,-0.06945247186357051,-41.08699510197628,normal
2025-12-01 12:00:50.100000,12,1.0500665127946383,-0.01238345289378362,-44.884038333056786,normal
2025-12-01 12:00:50.150000,13,0.9882838364910032,-0.10400753478193003,-43.09401991720945,normal
2025-12-01 12:00:50.200000,14,0.9489835580583681,0.07057228409265726,-44.3489752773628,normal
2025-12-01 12:00:50.250000,15,0.9072676324308361,0.08330984316656265,-45.54875746122251,normal
2025-12-01 12:00:50.300000,16,1.004460734827681,-0.1678111727307514,-46.33883726410481,normal
2025-12-01 12:00:50.350000,17,1.0310873313081796,-0.011951033050709992,-43.70122780557523,normal
2025-12-01 12:00:50.400000,18,1.0403126688676039,-0.2056914808993353,-44.97115439486115,normal
2025-12-01 12:00:50.450000,19,1.1793211180321663,-0.048324143922871876,-44.80239593823725,normal
2025-12-01 12:00:50.500000,20,1.1130688321204794,0.07339306297830905,-47.1927374995539,normal
2025-12-01 12:00:50.550000,21,0.8103067880985657,0.1597714530438381,-44.67231187275785,normal
2025-12-01 12:00:50.600000,22,1.1802576434368635,0.03057914709888232,-44.26933777086869,normal
2025-12-01 12:00:50.650000,23,0.8312737200898055,0.014869606740044894,-46.443597409613496,normal
2025-12-01 12:00:50.700000,24,1.1506157695282133,-0.16004524476147797,-42.549174761791406,normal
2025-12-01 12:00:50.750000,25,0.8443333844040983,0.051610075459828764,-44.01215488039395,normal
2025-12-01 12:00:50.800000,26,1.103751620998467,-0.027699528500661152,-48.589676630014864,normal
2025-12-01 12:00:50.850000,27,0.9841506099482544,-0.02524635806013764,-46.78992523334986,normal
2025-12-01 12:00:50.900000,28,0.8583395986174382,0.04618683966131476,-43.25383512804002,normal
2025-12-01 12:00:50.950000,29,1.267793521607195,0.05351907117733612,-49.06074695847574,normal
2025-12-01 12:00:51,0,0.9073677111281538,-0.06587141909339023,-43.203329735031225,normal
2025-12-01 12:00:51.050000,1,1.3229143912348076,0.02090083308772206,-44.31429650938232,normal
2025-12-01 12:00:51.100000,2,1.2099162239182524,0.001178751436503589,-44.780971662821116,normal
2025-12-01 12:00:51.150000,3,1.0961491050365726,0.049731372501478965,-46.0650219594865,normal
2025-12-01 12:00:51.200000,4,0.8180092449855173,-0.16410160720637368,-46.10298626382502,normal
2025-12-01 12:00:51.250000,5,0.8828101869022104,0.022159519251461646,-43.598743620110774,normal
2025-12-01 12:00:51.300000,6,0.8931300440723469,0.060860369405751236,-45.32385488259891,normal
2025-12-01 12:00:51.350000,7,0.7124292466605513,-0.05292718537359509,-42.42582250072495,normal
2025-12-01 12:00:51.400000,8,0.944982178845035,0.015654663130634905,-48.30566060094759,normal
2025-12-01 12:00:51.450000,9,1.0328165549214225,-0.14228763566125657,-44.90275415268502,normal
2025-12-01 12:00:51.500000,10,1.1265312918510961,-0.014137392591486275,-47.033237098562566,normal
2025-12-01 12:00:51.550000,11,1.0927465737877173,-0.0502551783597065,-45.54707696649249,normal
2025-12-01 12:00:51.600000,12,1.1642278596330218,-0.04064841107710393,-43.173555318796744,normal
2025-12-01 12:00:51.650000,13,1.0970052078434542,-0.001328952732552402,-45.998259900390664,normal
2025-12-01 12:00:51.700000,14,0.9059069525871677,-0.10297551318652953,-43.25910329515756,normal
2025-12-01 12:00:51.750000,15,0.7907570117753709,0.1138598956102772,-48.0824892404308,normal
2025-12-01 12:00:51.800000,16,1.1154306707032815,-0.0908214598392254,-42.83850707156479,normal
2025-12-01 12:00:51.850000,17,0.9025411368727327,0.043656931955418976,-47.59845646713448,normal
2025-12-01 12:00:51.900000,18,1.0532982536254039,0.07200937367037819,-45.24329266847793,normal
2025-12-01 12:00:51.950000,19,0.9464070786028134,0.09178969732211595,-45.77284750767799,normal
2025-12-01 12:00:52,20,1.3110901433035127,0.056957729540215496,-47.4786905171026,normal
2025-12-01 12:00:52.050000,21,1.2795024506820019,0.022563358740296025,-42.463514805017745,normal
2025-12-01 12:00:52.100000,22,0.9743999039984184,-0.02632339034339326,-44.2131416495295,normal
2025-12-01 12:00:52.150000,23,0.894428553263024,0.04180811387954275,-44.355010523598416,normal
2025-12-01 12:00:52.200000,24,1.0526656203341604,-0.06797409547826794,-44.22160461102202,normal
2025-12-01 12:00:52.250000,25,0.9163994619261651,0.06076379619338157,-42.978216338884145,normal
2025-12-01 12:00:52.300000,26,1.25416058187581,0.07278971749454843,-45.415251708509835,normal
2025-12-01 12:00:52.350000,27,0.7704435667393742,0.060498738860716106,-47.78386832553168,normal
2025-12-01 12:00:52.400000,28,0.9594063587404859,-0.0627027403438829,-44.03601989715257,normal
2025-12-01 12:00:52.450000,29,1.2507672452972725,0.11176643201232439,-47.40796476700848,normal
2025-12-01 12:00:52.500000,0,0.9484316534428814,0.019385651635530632,-45.80274793595867,normal
2025-12-01 12:00:52.550000,1,0.7891378551141709,-0.08215521565044925,-46.92695458487577,normal
2025-12-01 12:00:52.600000,2,1.0543251104144122,-0.10372539809971304,-44.84377833055203,normal
2025-12-01 12:00:52.650000,3,1.159203814556788,-0.05495183753685273,-44.21373518829472,normal
2025-12-01 12:00:52.700000,4,0.974568666567383,-0.007544144391718355,-40.97433553262835,normal
2025-12-01 12:00:52.750000,5,1.1031232173272907,-0.14158930780868184,-44.55559919800565,normal
2025-12-01 12:00:52.800000,6,0.9320232987402722,-0.04306892665851647,-48.20965982466806,normal
2025-12-01 12:00:52.850000,7,1.2063005260172954,-0.14580148026124773,-48.768076965058526,normal
2025-12-01 12:00:52.900000,8,0.8772635155873748,-0.06580839099031754,-47.17711069524384,normal
2025-12-01 12:00:52.950000,9,0.9472024246991801,-0.130253686879914,-43.43964848136119,normal
2025-12-01 12:00:53,10,0.8360542105618127,0.04632383121703754,-45.58735320014538,normal
2025-12-01 12:00:53.050000,11,1.0891845040274533,0.16534007089199676,-44.396734763404325,normal
2025-12-01 12:00:53.100000,12,0.8543699923604752,0.03355599558874456,-46.48210034359751,normal
2025-12-01 12:00:53.150000,13,0.9470591094524803,-0.07575046589808121,-46.95220330343262,normal
2025-12-01 12:00:53.200000,14,0.9603005840052169,-0.023923183621936683,-44.80598274429689,normal
2025-12-01 12:00:53.250000,15,1.0496832229670647,0.04911818409088875,-45.23967951672036,normal
2025-12-01 12:00:53.300000,16,0.9065340395889686,0.038943733596346064,-45.64260549410186,normal
2025-12-01 12:00:53.350000,17,1.1386246320988793,-0.11170140377081461,-47.58344059996577,normal
2025-12-01 12:00:53.400000,18,1.0847884224144375,0.16670908016287722,-44.69827581599457,normal
2025-12-01 12:00:53.450000,19,1.1929515328972378,0.1420289998703521,-43.734384497553876,normal
2025-12-01 12:00:53.500000,20,1.1523719435672264,0.12712823667747442,-46.00376659335549,normal
2025-12-01 12:00:53.550000,21,0.7615064581976054,-0.032717464759820736,-43.549551780419755,normal
2025-12-01 12:00:53.600000,22,1.2287169882598667,-0.025762979816007725,-44.92644515593335,normal
2025-12-01 12:00:53.650000,23,1.2381307728581004,-0.10055532769465936,-43.91147662756156,normal
2025-12-01 12:00:53.700000,24,1.0616490331505837,-0.02956889434902088,-39.54612372182512,normal
2025-12-01 12:00:53.750000,25,0.9440049592670741,-0.04780969669570023,-44.66327664142555,normal
2025-12-01 12:00:53.800000,26,0.9796112354665342,-0.042170430474126164,-47.956692137790355,normal
2025-12-01 12:00:53.850000,27,0.8284767038840352,0.12392335321238734,-44.72691136770934,normal
2025-12-01 12:00:53.900000,28,0.8283134402226945,0.08828787570073926,-42.099092411382706,normal
2025-12-01 12:00:53.950000,29,1.0702585413834322,0.02598827540671289,-44.69556827533603,normal
2025-12-01 12:00:54,0,1.2323347056471712,-0.054208021611363844,-45.08539154191488,normal
2025-12-01 12:00:54.050000,1,1.1429382580023695,-0.06278732359425687,-44.32576200074055,normal
2025-12-01 12:00:54.100000,2,0.9895504741141596,0.1069497951793541,-46.97497513659245,normal
2025-12-01 12:00:54.150000,3,1.0040961721286419,-0.056003502197545796,-46.369252617528765,normal
2025-12-01 12:00:54.200000,4,0.9964199865735672,-0.0867327748192146,-48.544124591472126,normal
2025-12-01 12:00:54.250000,5,0.921331508992919,0.19125540603508773,-44.661654337048276,normal
2025-12-01 12:00:54.300000,6,0.9480800530526993,-0.06107779435479044,-42.30933939119665,normal
2025-12-01 12:00:54.350000,7,1.16032069783022,0.07375596342704416,-42.551915803259774,normal
2025-12-01 12:00:54.400000,8,1.150470349014994,0.05114824955388375,-44.90643542309037,normal
2025-12-01 12:00:54.450000,9,0.6900395063020932,0.050942626199625085,-46.53406113161358,normal
2025-12-01 12:00:54.500000,10,1.109826385785129,-0.09897116556607877,-42.03704418714113,normal
2025-12-01 12:00:54.550000,11,0.9524566269340123,-0.0761904325910896,-43.59626326526958,normal
2025-12-01 12:00:54.600000,12,0.9420766264410415,0.1504011406961432,-44.05271451295031,normal
2025-12-01 12:00:54.650000,13,0.9399341529807689,-0.017216266278090142,-45.82602936270675,normal
2025-12-01 12:00:54.700000,14,1.1814421574149943,0.02249150231217989,-51.31890861543113,normal
2025-12-01 12:00:54.750000,15,0.9671993393633553,0.11018116354038554,-45.65985249811028,normal
2025-12-01 12:00:54.800000,16,1.1087784504900868,0.10331233930975747,-46.99957591277263,normal
2025-12-01 12:00:54.850000,17,1.1543529711075606,0.12370310975547838,-45.783081419764585,normal
2025-12-01 12:00:54.900000,18,0.8123355060282821,0.052457918889547095,-46.669415638581185,normal
2025-12-01 12:00:54.950000,19,1.0176591421229975,-0.10487784697472646,-48.13131999097521,normal
2025-12-01 12:00:55,20,0.6860302961916807,0.05591173319427645,-45.073724648281164,normal
2025-12-01 12:00:55.050000,21,1.0378756957521138,0.16087461858448426,-45.48864831120714,normal
2025-12-01 12:00:55.100000,22,0.8041381137606451,0.07519211370910162,-42.460715861387726,normal
2025-12-01 12:00:55.150000,23,1.023854478087307,0.17025264093742054,-44.3850566353399,normal
2025-12-01 12:00:55.200000,24,0.6987498392381934,0.047032090385283,-44.379470963730014,normal
2025-12-01 12:00:55.250000,25,0.8282478446888594,0.08273859720140564,-44.98893885538088,normal
2025-12-01 12:00:55.300000,26,1.3390583916513028,-0.07225817910005405,-47.57212726568902,normal
2025-12-01 12:00:55.350000,27,1.1382903212647766,0.14836676904238244,-43.04386790215874,normal
2025-12-01 12:00:55.400000,28,0.7366696905966286,0.16551836119781305,-44.454317098051625,normal
2025-12-01 12:00:55.450000,29,0.9451976513819766,-0.014191495134102894,-49.21825742038596,normal
2025-12-01 12:00:55.500000,0,0.9872416139454367,-0.04701071831711401,-46.32097797883018,normal
2025-12-01 12:00:55.550000,1,0.8730381651448281,0.1131696961941584,-47.41755892220258,normal
2025-12-01 12:00:55.600000,2,1.0426057109843314,-0.13470664749297434,-45.94497753509393,normal
2025-12-01 12:00:55.650000,3,0.9729271163847921,-0.06120689538085733,-47.46125275179584,normal
2025-12-01 12:00:55.700000,4,1.1285701204107161,-0.1530358629447166,-42.803880138654826,normal
2025-12-01 12:00:55.750000,5,0.8135834478428974,0.12130875805796881,-45.1451274054945,normal
2025-12-01 12:00:55.800000,6,0.8969814669111615,0.05013006459632052,-44.800373733930776,normal
2025-12-01 12:00:55.850000,7,1.009500921776584,-0.08620553528205166,-47.67373624820018,normal
2025-12-01 12:00:55.900000,8,1.0357641129479798,0.1344916285081954,-45.04413976321976,normal
2025-12-01 12:00:55.950000,9,0.957768770515425,-0.033320524410010766,-48.01120908159573,normal
2025-12-01 12:00:56,10,1.0531061373976167,0.09633979261792458,-45.2857694507158,normal
2025-12-01 12:00:56.050000,11,0.8804714777850607,0.007024940971066318,-44.99261831862278,normal
2025-12-01 12:00:56.100000,12,0.8460290974943054,0.05466951307381018,-45.26238000785573,normal
2025-12-01 12:00:56.150000,13,1.052107095360766,0.08292225189743219,-47.45014502200145,normal
2025-12-01 12:00:56.200000,14,1.1290558666659596,-0.09155777301622958,-43.607645408747395,normal
2025-12-01 12:00:56.250000,15,0.916924776232515,0.12502094873801584,-45.629617370675405,normal
2025-12-01 12:00:56.300000,16,1.117401005921002,0.09016475153572312,-45.19519821855127,normal
2025-12-01 12:00:56.350000,17,1.289618553414536,-0.11084655817297007,-43.248983408214926,normal
2025-12-01 12:00:56.400000,18,1.0123851899623342,0.15227306189641743,-43.555917498565606,normal
2025-12-01 12:00:56.450000,19,0.7139507770219857,-0.10881812427433601,-43.246535004061435,normal
2025-12-01 12:00:56.500000,20,1.1614459404309492,0.014549436933185333,-44.25479591060543,normal
2025-12-01 12:00:56.550000,21,0.9257332998981294,-0.029324231453403016,-44.07565067496631,normal
2025-12-01 12:00:56.600000,22,0.9808705251276411,-0.10668047014741777,-44.659850594866896,normal
2025-12-01 12:00:56.650000,23,1.0026554796413798,-0.009799778850674734,-47.0972195373833,normal
2025-12-01 12:00:56.700000,24,0.8386100815213048,-0.09678056168091986,-43.37065664885819,normal
2025-12-01 12:00:56.750000,25,1.246571643803824,0.11599132327349437,-42.74970109367449,normal
2025-12-01 12:00:56.800000,26,1.14519702892653,-0.03794396972356395,-44.47819438194806,normal
2025-12-01 12:00:56.850000,27,0.9670689049980465,0.1371018416276999,-42.06813244280647,normal
2025-12-01 12:00:56.900000,28,0.8790872129054925,-0.07449987337905473,-47.704360424195066,normal
2025-12-01 12:00:56.950000,29,0.7831813767840554,0.00943033668049198,-44.484168354557724,normal
2025-12-01 12:00:57,0,1.164915656585561,-0.026298679295988503,-46.679223379098474,normal
2025-12-01 12:00:57.050000,1,1.0808454264899534,-0.07035345352452804,-45.393539053664156,normal
2025-12-01 12:00:57.100000,2,0.9855165600910502,0.06329655979827153,-47.818764310424534,normal
2025-12-01 12:00:57.150000,3,1.0947029532271375,0.2726582908151802,-46.73424987101484,normal
2025-12-01 12:00:57.200000,4,0.8624531034852531,0.10247420196265855,-42.98211478239002,normal
2025-12-01 12:00:57.250000,5,1.048491954207465,-0.03059088324090098,-46.573602767204754,normal
2025-12-01 12:00:57.300000,6,0.9431291937179375,-0.24681468442244325,-45.50958429210009,normal
2025-12-01 12:00:57.350000,7,1.1633883044504336,0.058908188245133886,-49.214370756537086,normal
2025-12-01 12:00:57.400000,8,1.0541345266449549,-0.18443701184093264,-43.340296676712775,normal
2025-12-01 12:00:57.450000,9,0.982273516223494,0.022461334318355064,-43.94931633711465,normal
2025-12-01 12:00:57.500000,10,1.039013899675949,0.012011443880432626,-43.10671419005807,normal
2025-12-01 12:00:57.550000,11,0.7118518384209418,-0.04305280955368307,-46.20246302501607,normal
2025-12-01 12:00:57.600000,12,0.8606745664920936,-0.005821830071272238,-44.161313941568444,normal
2025-12-01 12:00:57.650000,13,0.9040828562727192,-0.1581349743367837,-48.87379773487272,normal
2025-12-01 12:00:57.700000,14,1.0144767156462835,0.09683493866775272,-43.46873474507328,normal
2025-12-01 12:00:57.750000,15,1.4015916394878398,0.11968495579005456,-44.340864724826766,normal
2025-12-01 12:00:57.800000,16,1.0958614515901524,-0.09712454278228844,-46.262386347061174,normal
2025-12-01 12:00:57.850000,17,1.0094593917372392,0.2822602121674693,-46.947097697182734,normal
2025-12-01 12:00:57.900000,18,1.136712807975604,0.07566060299495136,-46.79007348494336,normal
2025-12-01 12:00:57.950000,19,1.1689831577617382,-0.12691295329778907,-46.45317785426342,normal
2025-12-01 12:00:58,20,1.0109395805753534,-0.15202841586862093,-46.51683513399233,normal
2025-12-01 12:00:58.050000,21,1.0390000763985894,-0.03234018824389295,-42.55915948135151,normal
2025-12-01 12:00:58.100000,22,0.8299117307320659,0.09054559990055067,-44.71483034532388,normal
2025-12-01 12:00:58.150000,23,1.1857006932213687,-0.035079360992916975,-45.335480537575926,normal
2025-12-01 12:00:58.200000,24,0.8804849735061296,0.017921618082647583,-43.70016861406769,normal
2025-12-01 12:00:58.250000,25,0.9172078258954706,0.002747262668864714,-45.807488237643,normal
2025-12-01 12:00:58.300000,26,1.1301564333965322,-0.052673953086779246,-40.88463138979865,normal
2025-12-01 12:00:58.350000,27,0.9956878839793607,-0.08103387397462614,-46.28954379241282,normal
2025-12-01 12:00:58.400000,28,0.8680229821714418,0.23591076076594497,-43.283257466994456,normal
2025-12-01 12:00:58.450000,29,0.9008756692619263,0.1461076834047672,-49.187661158169476,normal
2025-12-01 12:00:58.500000,0,0.9053176699696807,-0.00857981387329243,-46.92473665649257,normal
2025-12-01 12:00:58.550000,1,0.925709865974663,0.18722704586668337,-42.779282609809975,normal
2025-12-01 12:00:58.600000,2,0.970780920624368,-0.09812784743265546,-42.58790421241111,normal
2025-12-01 12:00:58.650000,3,0.9422326964064472,-0.0825145409235799,-44.040483660811624,normal
2025-12-01 12:00:58.700000,4,0.7662836605606737,0.15261820534101256,-48.57317746735472,normal
2025-12-01 12:00:58.750000,5,0.9159123725921553,0.12026566708319564,-46.941658018279355,normal
2025-12-01 12:00:58.800000,6,0.942005792499031,0.004419397501575606,-41.31810595016276,normal
2025-12-01 12:00:58.850000,7,0.9672433507626306,-0.12065530711313466,-46.66027259330044,normal
2025-12-01 12:00:58.900000,8,1.0849429456385733,-0.2070222009144289,-45.63623125392038,normal
2025-12-01 12:00:58.950000,9,0.8677588016930227,0.004785381606188022,-44.55081587475996,normal
2025-12-01 12:00:59,10,1.1034968426524345,-0.1307716863688535,-48.67068775119244,normal
2025-12-01 12:00:59.050000,11,0.9354033723249734,-0.02102712848440902,-43.20213996774556,normal
2025-12-01 12:00:59.100000,12,1.2116885158423352,0.0348046393749466,-45.39332819508736,normal
2025-12-01 12:00:59.150000,13,1.1347812901020844,-0.15595802964639383,-44.51306063406343,normal
2025-12-01 12:00:59.200000,14,0.914826473957352,-0.03221472872161879,-42.895549835296464,normal
2025-12-01 12:00:59.250000,15,0.9910070480873108,0.10414866145625812,-43.41718587223808,normal
2025-12-01 12:00:59.300000,16,0.7468063486530494,-0.0028982562565222914,-43.09243766234704,normal
2025-12-01 12:00:59.350000,17,0.9909191908316117,-0.026534189656632012,-46.9563284198388,normal
2025-12-01 12:00:59.400000,18,1.253785871268197,-0.12092451693523021,-44.72432018433862,normal
2025-12-01 12:00:59.450000,19,1.2752065522598097,-0.05088328021673316,-45.543785217483155,normal
2025-12-01 12:00:59.500000,20,1.1683237265535855,0.10408022390937077,-42.962502529222974,normal
2025-12-01 12:00:59.550000,21,1.1530705124826808,0.007236150417985865,-49.1787764913309,normal
2025-12-01 12:00:59.600000,22,1.2592778531073074,-0.0051875526419031814,-45.95717343885392,normal
2025-12-01 12:00:59.650000,23,1.03483298221401,-0.07864482126886063,-44.20004269120298,normal
2025-12-01 12:00:59.700000,24,1.105087835830304,-0.06138559144139233,-43.901134627025854,normal
2025-12-01 12:00:59.750000,25,0.8589165943010986,0.1319334677124382,-40.776501998709975,normal
2025-12-01 12:00:59.800000,26,1.1489640174914477,-0.05925826948992885,-43.78940959403932,normal
2025-12-01 12:00:59.850000,27,0.7586351093247875,0.0037498892323144517,-44.081376381958755,normal
2025-12-01 12:00:59.900000,28,0.9719532181475523,-0.03529963747780318,-44.8826426281948,normal
2025-12-01 12:00:59.950000,29,0.83834698009388,-0.05326928124443908,-46.50511237027054,normal
2025-12-01 12:01:00,0,1.229821849762592,-0.012762901958417228,-44.48806326771201,normal
2025-12-01 12:01:00.050000,1,0.8967152233632412,0.010668829711320882,-48.02174447504019,normal
2025-12-01 12:01:00.100000,2,0.9244901926832949,-0.01920317645750913,-42.68640613360904,normal
2025-12-01 12:01:00.150000,3,0.9802047346161398,0.04055646326344231,-46.67567518235086,normal
2025-12-01 12:01:00.200000,4,0.9081150640121548,-0.007218069975590158,-44.45770783815055,normal
2025-12-01 12:01:00.250000,5,0.8766613607487681,-0.018777136583119525,-44.144204659777564,normal
2025-12-01 12:01:00.300000,6,0.9991760083037189,-0.09249743165365576,-42.80664529848149,normal
2025-12-01 12:01:00.350000,7,0.9714392213519524,-0.07380770556042338,-44.4156448807923,normal
2025-12-01 12:01:00.400000,8,0.7418242579706649,-0.04599773165837462,-47.87879088872152,normal
2025-12-01 12:01:00.450000,9,1.0098166807973195,0.1489506454709959,-40.47963492606336,normal
2025-12-01 12:01:00.500000,10,0.946164939300568,0.06507693147804794,-45.183313986699766,normal
2025-12-01 12:01:00.550000,11,0.8904159361991852,-0.025362844127018835,-44.20502231292495,normal
2025-12-01 12:01:00.600000,12,1.1732365363753143,0.06221800298161195,-40.99477740970994,normal
2025-12-01 12:01:00.650000,13,1.2653512910197704,-0.07428801553194964,-45.546750799139424,normal
2025-12-01 12:01:00.700000,14,1.1462434663559693,-0.06223253772181625,-44.92667323281783,normal
2025-12-01 12:01:00.750000,15,0.9636516393862136,0.013407440755358824,-44.09276838807225,normal
2025-12-01 12:01:00.800000,16,0.9926215591740276,-0.04492548528030138,-46.80686520423253,normal
2025-12-01 12:01:00.850000,17,1.111418446972075,-0.06425355180908587,-42.76083821436544,normal
2025-12-01 12:01:00.900000,18,0.9848402042765786,-0.19574782642887278,-45.33312030361807,normal
2025-12-01 12:01:00.950000,19,0.8725850657190188,-0.09562674849939912,-45.408526309975926,normal
2025-12-01 12:01:01,20,0.8884672709223572,0.007425844933097281,-43.937882564472375,normal
2025-12-01 12:01:01.050000,21,1.1306658687220004,0.010303839336988752,-42.728311295840214,normal
2025-12-01 12:01:01.100000,22,0.8258302043841015,0.02439835973531901,-43.41874958569736,normal
2025-12-01 12:01:01.150000,23,0.8813571612621317,-0.166804042771874,-46.70697123837833,normal
2025-12-01 12:01:01.200000,24,1.0358503615680357,-0.023138511420044416,-41.74169835636699,normal
2025-12-01 12:01:01.250000,25,0.8415288346878398,0.036408743316917125,-43.05072211868962,normal
2025-12-01 12:01:01.300000,26,1.2514056745295838,0.1502185265115079,-44.69116138969094,normal
2025-12-01 12:01:01.350000,27,0.8409607810532587,0.1308372707692187,-47.409751483745104,normal
2025-12-01 12:01:01.400000,28,0.8485927346752445,-0.03246432729171733,-46.68084503684809,normal
2025-12-01 12:01:01.450000,29,1.0369690560735794,0.1083137748241847,-42.177409771844864,normal
2025-12-01 12:01:01.500000,0,1.0679156839916697,0.13423431630526972,-45.30432330470087,normal
2025-12-01 12:01:01.550000,1,0.8772256652928061,0.06001477498878227,-43.74813322359181,normal
2025-12-01 12:01:01.600000,2,0.9489500802946084,0.018710959133563243,-47.38575927431696,normal
2025-12-01 12:01:01.650000,3,1.1994092829364653,0.11441898253568095,-45.067795774091145,normal
2025-12-01 12:01:01.700000,4,0.7530705496250087,0.02109658917341317,-44.23585441742708,normal
2025-12-01 12:01:01.750000,5,1.1556184542520502,0.04283267165942117,-44.507122675294504,normal
2025-12-01 12:01:01.800000,6,1.1474177852271545,-0.11131481237784335,-47.1759211777382,normal
2025-12-01 12:01:01.850000,7,1.2247110490751432,0.06377220564537867,-45.675802107003946,normal
2025-12-01 12:01:01.900000,8,0.7144191313843817,0.0731448102097616,-45.37810583830559,normal
2025-12-01 12:01:01.950000,9,1.1143451505369042,0.04111399325414622,-46.965251546992874,normal
2025-12-01 12:01:02,10,1.0088534858525142,-0.14868457964980397,-46.402189019972745,normal
2025-12-01 12:01:02.050000,11,1.1923289159342487,-0.09327315730407992,-43.337246375326224,normal
2025-12-01 12:01:02.100000,12,1.0513900063002641,-0.07786961329208397,-48.5936684151874,normal
2025-12-01 12:01:02.150000,13,1.0745057849519628,0.018110222225238726,-45.93376174854801,normal
2025-12-01 12:01:02.200000,14,1.2217554646017006,-0.07589940219322955,-44.010025083020054,normal
2025-12-01 12:01:02.250000,15,1.1406149738090423,0.19407800198119318,-44.613620085091945,normal
2025-12-01 12:01:02.300000,16,0.8231734066991828,0.15314107328953686,-43.19058576111388,normal
2025-12-01 12:01:02.350000,17,0.9168984999186632,-0.03719685102308956,-47.10625488178791,normal
2025-12-01 12:01:02.400000,18,0.8321202798345378,0.14042568377859377,-45.70886516097313,normal
2025-12-01 12:01:02.450000,19,1.0257999759179548,-0.0681412290876171,-44.34779614392759,normal
2025-12-01 12:01:02.500000,20,1.084941604164788,0.08638428322516578,-42.52993709387437,normal
2025-12-01 12:01:02.550000,21,0.8873594518017843,-0.21538389985624473,-42.56168730726696,normal
2025-12-01 12:01:02.600000,22,0.7473520510386233,0.11178334964900127,-48.41615874082188,normal
2025-12-01 12:01:02.650000,23,1.0855725024607765,-0.017473021925676235,-45.982335792540034,normal
2025-12-01 12:01:02.700000,24,0.9140676068003825,0.1885643195538278,-43.698279196368944,normal
2025-12-01 12:01:02.750000,25,1.1314237946684111,-0.14519315144495737,-44.814509083217345,normal
2025-12-01 12:01:02.800000,26,1.1716483514642175,0.16324389016951546,-46.673437345330754,normal
2025-12-01 12:01:02.850000,27,0.9382996854264777,0.04718003036351037,-46.20590337071007,normal
2025-12-01 12:01:02.900000,28,0.7403511182360736,-0.02587281058809232,-48.22856181724464,normal
2025-12-01 12:01:02.950000,29,0.8428307625290556,-0.23893994725349454,-44.89561239969014,normal
2025-12-01 12:01:03,0,1.1063816335949253,-0.10381283039159195,-45.61238576863054,normal
2025-12-01 12:01:03.050000,1,1.173966217507111,-0.02524225344910791,-43.755236385747665,normal
2025-12-01 12:01:03.100000,2,0.9139237148965484,-0.1789042875022635,-49.56587912650133,normal
2025-12-01 12:01:03.150000,3,1.0083835332845728,0.015216579382111739,-44.07630208839712,normal
2025-12-01 12:01:03.200000,4,0.7038474406278684,0.03435644483754352,-39.44018936102676,normal
2025-12-01 12:01:03.250000,5,1.0142639682359436,-0.08673688995239415,-43.73943453791119,normal
2025-12-01 12:01:03.300000,6,1.2153162915557205,-0.05143754241250331,-44.99283284715677,normal
2025-12-01 12:01:03.350000,7,0.8213098188195419,0.012492145436586721,-46.65625426011419,normal
2025-12-01 12:01:03.400000,8,1.154475531990005,-0.06909794792876145,-45.0460524961264,normal
2025-12-01 12:01:03.450000,9,1.0597694247900238,-0.012078918266534178,-44.78526041594011,normal
2025-12-01 12:01:03.500000,10,1.1219804517477072,0.016702682658861878,-45.43752077058311,normal
2025-12-01 12:01:03.550000,11,1.1121636618197972,0.029836768074261055,-42.85063358559097,normal
2025-12-01 12:01:03.600000,12,1.0167700488635536,-0.039058299609779024,-44.16859909725076,normal
2025-12-01 12:01:03.650000,13,1.1204026576584967,0.07389313861949631,-44.33155034324097,normal
2025-12-01 12:01:03.700000,14,1.0140935861177187,0.014474121673352158,-45.16592985510361,normal
2025-12-01 12:01:03.750000,15,0.9702168192078499,0.06266668146334098,-43.94212187450262,normal
2025-12-01 12:01:03.800000,16,1.011664879391588,0.15982369159520937,-41.796709813819064,normal
2025-12-01 12:01:03.850000,17,0.8093253668845973,-0.01679763601044737,-45.012259722928526,normal
2025-12-01 12:01:03.900000,18,1.1237898415146614,0.11924621935576551,-46.2911077021759,normal
2025-12-01 12:01:03.950000,19,1.125727228784293,0.07197003838845051,-44.27607866235668,normal
2025-12-01 12:01:04,20,0.7601571013199779,-0.15088811434764704,-45.39753009406995,normal
2025-12-01 12:01:04.050000,21,1.1406086286796826,0.12129828163601397,-42.3095407262706,normal
2025-12-01 12:01:04.100000,22,1.049416205960488,-0.15141278690560078,-45.309926648949144,normal
2025-12-01 12:01:04.150000,23,1.2180510363374715,-0.030703536746341964,-45.32730136821404,normal
2025-12-01 12:01:04.200000,24,0.6688304718572029,-0.09369220407320533,-42.732381199828154,normal
2025-12-01 12:01:04.250000,25,1.1439723667928923,-0.07841120734185525,-47.292587877793274,normal
2025-12-01 12:01:04.300000,26,1.075145385334199,0.12272269832083404,-44.2090097689107,normal
2025-12-01 12:01:04.350000,27,0.9122256346733496,-0.12433985196918762,-43.631931300525046,normal
2025-12-01 12:01:04.400000,28,0.9709998094696588,0.036147961008293095,-48.483969477279324,normal
2025-12-01 12:01:04.450000,29,0.8588018263711433,-0.07754699543224275,-42.2633316772732,normal
2025-12-01 12:01:04.500000,0,1.224301750729295,0.20718419630973273,-45.33990647388302,normal
2025-12-01 12:01:04.550000,1,0.9015278978651493,-0.07283905979970884,-48.709352713817516,normal
2025-12-01 12:01:04.600000,2,1.0132305300867686,0.01888333217582705,-46.703730499296654,normal
2025-12-01 12:01:04.650000,3,1.1591103134659464,0.062328194973412465,-44.28685421146305,normal
2025-12-01 12:01:04.700000,4,1.1066839415530783,-0.027680519604579512,-44.36384953620929,normal
2025-12-01 12:01:04.750000,5,1.1231122976201349,-0.09837673835944871,-42.2249738603134,normal
2025-12-01 12:01:04.800000,6,0.9669361868087134,0.1441033896691244,-45.184198831584666,normal
2025-12-01 12:01:04.850000,7,0.8667023032452932,-0.10385569225170865,-43.49584281392776,normal
2025-12-01 12:01:04.900000,8,1.0584373605548396,0.13713704001408722,-43.40486073754034,normal
2025-12-01 12:01:04.950000,9,0.5507251711119815,-0.19070290906610587,-46.30566368593278,normal
2025-12-01 12:01:05,10,1.13997760081076,-0.1137825922611948,-45.94273393789832,normal
2025-12-01 12:01:05.050000,11,1.2921823988397922,-0.004864216655617426,-44.77382755265732,normal
2025-12-01 12:01:05.100000,12,1.0819146841062552,-0.0851286393681665,-49.74549308507581,normal
2025-12-01 12:01:05.150000,13,1.0171752924843016,-0.06618623336004914,-45.45250010782282,normal
2025-12-01 12:01:05.200000,14,0.9027704489569361,0.10656866339492366,-42.53155809132062,normal
2025-12-01 12:01:05.250000,15,1.0410699439884246,-0.010079444021512174,-48.04952130693104,normal
2025-12-01 12:01:05.300000,16,1.0876599502559015,-0.04564099954273049,-43.674019161042295,normal
2025-12-01 12:01:05.350000,17,1.0054207625391602,0.11289660773123877,-41.188971409964516,normal
2025-12-01 12:01:05.400000,18,0.9040455495948265,0.06944238327822427,-44.38542227165893,normal
2025-12-01 12:01:05.450000,19,1.0663721223643503,-0.05073583007338467,-47.03540664564392,normal
2025-12-01 12:01:05.500000,20,1.0170879867474911,-0.03616231911034573,-45.517469473808404,normal
2025-12-01 12:01:05.550000,21,1.127001198703528,0.043801594671470934,-43.863265318869715,normal
2025-12-01 12:01:05.600000,22,0.8571769241712514,-0.10583466542799025,-43.56288953116197,normal
2025-12-01 12:01:05.650000,23,1.3035738248187623,0.031628326479642865,-46.31426507047584,normal
2025-12-01 12:01:05.700000,24,0.7563245983637237,0.038942912554758013,-44.17320129649397,normal
2025-12-01 12:01:05.750000,25,0.8614824208908456,0.12179282162006766,-44.27785034562379,normal
2025-12-01 12:01:05.800000,26,0.9129954451507091,-0.00781480452739336,-43.19790699140344,normal
2025-12-01 12:01:05.850000,27,0.9194788433273791,0.009090684043307373,-45.72340816367016,normal
2025-12-01 12:01:05.900000,28,0.8967079729078647,-0.026722976068727977,-46.065721309778944,normal
2025-12-01 12:01:05.950000,29,1.1970828153060564,0.052503838433205274,-45.21806551853014,normal
2025-12-01 12:01:06,0,1.1863214355994267,-0.026928824738822854,-41.516494395849016,normal
2025-12-01 12:01:06.050000,1,1.0704154105321242,0.17051042583487908,-45.41896639300235,normal
2025-12-01 12:01:06.100000,2,1.0078408548907516,0.0741018597049079,-42.977514478156486,normal
2025-12-01 12:01:06.150000,3,1.2213205973600765,0.1435463563467021,-46.71496674792678,normal
2025-12-01 12:01:06.200000,4,1.0429918406436813,-0.03416069831737456,-44.617861244037094,normal
2025-12-01 12:01:06.250000,5,1.293034185946786,-0.0327794955256846,-43.70517929370118,normal
2025-12-01 12:01:06.300000,6,0.7689539861195299,-0.1373243050765125,-42.947366687728575,normal
2025-12-01 12:01:06.350000,7,1.1674717692449146,0.03427792779577343,-44.85828433786504,normal
2025-12-01 12:01:06.400000,8,1.1296683327059474,-0.13354347660318444,-47.49250802847354,normal
2025-12-01 12:01:06.450000,9,1.1678230940694299,-0.02772832041438056,-44.46966993918108,normal
2025-12-01 12:01:06.500000,10,0.9928738481868683,0.09009223488766116,-44.99735312863881,normal
2025-12-01 12:01:06.550000,11,1.2593054265632992,0.2033861216111208,-46.648373640035906,normal
2025-12-01 12:01:06.600000,12,0.8253418098707395,0.058288359673785095,-47.532076762088124,normal
2025-12-01 12:01:06.650000,13,0.75556141996272,0.08672585968667157,-44.96264080924682,normal
2025-12-01 12:01:06.700000,14,0.9538612948583634,-0.024817654185202098,-44.725596690680696,normal
2025-12-01 12:01:06.750000,15,1.0601947625658694,0.05455016398556678,-45.42561861282519,normal
2025-12-01 12:01:06.800000,16,0.8686623374080613,0.026536779871819682,-47.350946218956494,normal
2025-12-01 12:01:06.850000,17,0.8882601440642773,0.15002985088192045,-46.862104957905125,normal
2025-12-01 12:01:06.900000,18,0.9585321835700468,-0.09965849276041716,-40.57582079896688,normal
2025-12-01 12:01:06.950000,19,1.0812521827752748,-0.08512186289685708,-44.359792154361486,normal
2025-12-01 12:01:07,20,0.9846441292132799,0.044209830402186956,-43.54490714707059,normal
2025-12-01 12:01:07.050000,21,0.9639844617059004,-0.08150479791123155,-47.27948974136003,normal
2025-12-01 12:01:07.100000,22,1.071204037190493,0.1290401958556444,-46.85817648538544,normal
2025-12-01 12:01:07.150000,23,1.1087204232360806,0.0654045595724293,-45.6624306266591,normal
2025-12-01 12:01:07.200000,24,0.9701953827390267,0.0541098788588914,-46.0625664934096,normal
2025-12-01 12:01:07.250000,25,1.168855765684191,-0.08128874044244006,-46.98077072796916,normal
2025-12-01 12:01:07.300000,26,0.8523877974350672,-0.056561517661413596,-42.10289652690275,normal
2025-12-01 12:01:07.350000,27,1.2198231030975766,-0.0320513457030307,-44.90133453023214,normal
2025-12-01 12:01:07.400000,28,0.948181649029138,-0.021013826081305087,-44.74545408275685,normal
2025-12-01 12:01:07.450000,29,0.8047523408149404,-0.09707236804961994,-48.921558095382444,normal
2025-12-01 12:01:07.500000,0,0.9271885298317555,-0.19762045016621155,-44.24443364900016,normal
2025-12-01 12:01:07.550000,1,0.849739869463469,0.04046708817571343,-46.923934555553544,normal
2025-12-01 12:01:07.600000,2,1.2646076833414186,-0.13333381018392432,-41.93028787435415,normal
2025-12-01 12:01:07.650000,3,1.278502135102036,0.2410438539560551,-45.685282633322124,normal
2025-12-01 12:01:07.700000,4,0.8426115556426544,-0.07118233809161723,-45.35945414465006,normal
2025-12-01 12:01:07.750000,5,1.1299394046348321,0.11772581941021176,-46.965959802375345,normal
2025-12-01 12:01:07.800000,6,1.0915714812746247,0.03291425605518006,-40.76530596012087,normal
2025-12-01 12:01:07.850000,7,0.948682056334855,0.03429100340865032,-44.601553926041056,normal
2025-12-01 12:01:07.900000,8,0.8604904448552426,0.06886537463416342,-43.17805368507064,normal
2025-12-01 12:01:07.950000,9,0.9913637369988398,0.03259245854339943,-44.40831090428218,normal
2025-12-01 12:01:08,10,1.1169652089014477,0.11219992957559866,-44.54520830344511,normal
2025-12-01 12:01:08.050000,11,1.0982912920004346,0.047271436446870485,-46.39758673621069,normal
2025-12-01 12:01:08.100000,12,0.9449113533546222,0.009385550250827102,-45.77822784170963,normal
2025-12-01 12:01:08.150000,13,1.1988048059555096,0.2741239029681961,-42.33555143040814,normal
2025-12-01 12:01:08.200000,14,0.8792442303538547,-0.16724320858445907,-44.250425018304405,normal
2025-12-01 12:01:08.250000,15,0.6369446915335089,-0.09335190788108916,-46.634922204597146,normal
2025-12-01 12:01:08.300000,16,0.9437586892044525,-0.047450457246927424,-46.1410588784352,normal
2025-12-01 12:01:08.350000,17,0.8206703626204027,-0.05716596224216719,-47.6124077486566,normal
2025-12-01 12:01:08.400000,18,1.0590102575407074,-0.10191688860354331,-41.737944705861906,normal
2025-12-01 12:01:08.450000,19,1.1208264881805678,-0.04708256040821768,-42.76843865752327,normal
2025-12-01 12:01:08.500000,20,1.0424906662409075,0.04911534858259392,-45.03618821244995,normal
2025-12-01 12:01:08.550000,21,0.7672825548457832,0.004288402015658388,-45.833811324101255,normal
2025-12-01 12:01:08.600000,22,1.0039443744453032,-0.0918938293078333,-44.3901823831461,normal
2025-12-01 12:01:08.650000,23,1.0577454415874403,0.13267025505788554,-44.58478839107139,normal
2025-12-01 12:01:08.700000,24,1.0437391388237705,-0.03627214474896112,-48.83843648708149,normal
2025-12-01 12:01:08.750000,25,1.0460930512915456,0.10968195685848281,-46.07846928139503,normal
2025-12-01 12:01:08.800000,26,0.740766248798102,0.11271751494168658,-44.23781527023087,normal
2025-12-01 12:01:08.850000,27,1.0378774931588994,-0.021678267225932135,-42.00913393741861,normal
2025-12-01 12:01:08.900000,28,1.223024275091616,0.003993613464277956,-43.62901190760281,normal
2025-12-01 12:01:08.950000,29,0.9905149066490145,0.04670045910935716,-47.25113329239091,normal
2025-12-01 12:01:09,0,1.1307597449174656,-0.12259583024974896,-43.07335022635776,normal
2025-12-01 12:01:09.050000,1,1.2127099353706035,0.07917384520837656,-44.93134919828709,normal
2025-12-01 12:01:09.100000,2,0.9153093334532001,-0.05633080338540042,-44.667057296790446,normal
2025-12-01 12:01:09.150000,3,1.0908182627276681,-0.04010555995685383,-46.527150384354876,normal
2025-12-01 12:01:09.200000,4,1.0930399098350765,-0.0818835333423995,-45.97342478749328,normal
2025-12-01 12:01:09.250000,5,1.0116647310994213,0.019030361020554665,-45.70480665686969,normal
2025-12-01 12:01:09.300000,6,1.0541807997874508,0.017396432564489306,-45.35720079800581,normal
2025-12-01 12:01:09.350000,7,1.0277478382020004,0.046583679181326776,-44.61902823842355,normal
2025-12-01 12:01:09.400000,8,0.7023204042500458,0.045842977175648336,-46.92889482003949,normal
2025-12-01 12:01:09.450000,9,0.970147720798074,-0.04671887723607426,-45.63724810102739,normal
2025-12-01 12:01:09.500000,10,1.0482213178516406,0.17930875752251652,-45.45241384802614,normal
2025-12-01 12:01:09.550000,11,0.9603560357745081,-0.09903533205912707,-43.629728848144865,normal
2025-12-01 12:01:09.600000,12,0.9440687155942824,0.0855060347698573,-41.85100844742625,normal
2025-12-01 12:01:09.650000,13,0.9406678360945412,-0.022357180743566296,-45.30295804010232,normal
2025-12-01 12:01:09.700000,14,0.9691242865314202,0.09739704938163296,-46.05092319587651,normal
2025-12-01 12:01:09.750000,15,1.0245274622585272,0.02037309160916534,-43.79847074051603,normal
2025-12-01 12:01:09.800000,16,1.1262476412610989,0.05388338334036691,-42.63522830420338,normal
2025-12-01 12:01:09.850000,17,1.0651486022986025,-0.03105262228941852,-49.757639713258044,normal
2025-12-01 12:01:09.900000,18,0.7369999610515368,-0.09596799978301629,-44.09165526719051,normal
2025-12-01 12:01:09.950000,19,0.8913064063894406,-0.11814672909090795,-43.864873803052895,normal
2025-12-01 12:01:10,20,0.9190160203846026,0.23657642922066913,-44.01759471085512,attack
2025-12-01 12:01:10.050000,21,1.5590549314482853,-0.5302086943428961,-40.80505827016444,attack
2025-12-01 12:01:10.100000,22,1.751773997194742,0.2795717693972901,-44.7737509685862,attack
2025-12-01 12:01:10.150000,23,0.6037906834538833,0.1408427274275006,-36.820651947861194,attack
2025-12-01 12:01:10.200000,24,1.263496845007682,-0.49355999364139436,-33.318431822726026,attack
2025-12-01 12:01:10.250000,25,1.8840036686743376,-0.6441996450990093,-55.969636438982405,attack
2025-12-01 12:01:10.300000,26,0.7135373918740453,-0.2977330105063838,-44.40545913773555,attack
2025-12-01 12:01:10.350000,27,-0.008899627281271583,0.017396612447013737,-53.95899783176849,attack
2025-12-01 12:01:10.400000,28,0.49186361959973945,0.15064771524338783,-44.94152967914979,attack
2025-12-01 12:01:10.450000,29,2.7298899335617555,-0.289341281540171,-49.917181817544396,attack
2025-12-01 12:01:10.500000,0,1.0183288018230068,-0.5746532346057758,-45.70644780568365,attack
2025-12-01 12:01:10.550000,1,1.766792139957544,-0.13232633390038417,-47.299909980372135,attack
2025-12-01 12:01:10.600000,2,1.7306745365083938,0.4673937036636775,-50.791602175501716,attack
2025-12-01 12:01:10.650000,3,1.572097975613664,-0.5431805144068571,-37.09324756714794,attack
2025-12-01 12:01:10.700000,4,1.4777008369993854,0.12809992185145003,-39.73320825040744,attack
2025-12-01 12:01:10.750000,5,1.9549816602088348,-1.0247526461999166,-48.539982792463746,attack
2025-12-01 12:01:10.800000,6,1.1068756966382787,0.5639942718981157,-38.736157822621074,attack
2025-12-01 12:01:10.850000,7,1.321696223100215,-0.2598621136589365,-40.66017304172495,attack
2025-12-01 12:01:10.900000,8,0.247408776889262,-1.0977696638715595,-36.4200395377739,attack
2025-12-01 12:01:10.950000,9,1.5895002415145447,-0.18935002377815158,-37.952588801114885,attack
2025-12-01 12:01:11,10,0.6497153474720109,-0.2650973590354573,-46.809577476479944,attack
2025-12-01 12:01:11.050000,11,-0.07829124369198892,-0.04869552643314501,-50.67904262907955,attack
2025-12-01 12:01:11.100000,12,1.142312337516397,0.45417009268136255,-40.06213964053022,attack
2025-12-01 12:01:11.150000,13,0.9749292605307729,-0.21377055494916242,-44.215335240398076,attack
2025-12-01 12:01:11.200000,14,1.6004037194912888,-0.18254621387607095,-42.342363051718124,attack
2025-12-01 12:01:11.250000,15,0.7257939582305724,-0.21561423923462497,-44.84336103196986,attack
2025-12-01 12:01:11.300000,16,0.8377549420297404,-0.7425893291914494,-49.84385803763201,attack
2025-12-01 12:01:11.350000,17,1.9239436066907678,0.4050667175890128,-40.27430062995747,attack
2025-12-01 12:01:11.400000,18,2.095309220823843,0.2041334935255983,-38.27089150013188,attack
2025-12-01 12:01:11.450000,19,1.2938570533657652,-0.7110370193765907,-55.74382212671315,attack
2025-12-01 12:01:11.500000,20,1.9153774275437812,-0.3963635330363564,-56.88745405493391,attack
2025-12-01 12:01:11.550000,21,1.1512745311216857,-0.873217894392897,-43.607978103416755,attack
2025-12-01 12:01:11.600000,22,0.29109604589148896,-0.5138842934315484,-32.36989600818441,attack
2025-12-01 12:01:11.650000,23,0.7239863968321372,0.7194903903820449,-37.10654107050108,attack
2025-12-01 12:01:11.700000,24,1.1946663707741214,0.5860180880014729,-48.656341730212645,attack
2025-12-01 12:01:11.750000,25,0.1549235475602656,-0.18609251427964502,-50.91023195357647,attack
2025-12-01 12:01:11.800000,26,-0.10663624005909034,-0.24401404281005012,-49.268407577817015,attack
2025-12-01 12:01:11.850000,27,1.0727990521297928,0.4796095823805988,-44.49719470217003,attack
2025-12-01 12:01:11.900000,28,0.767258185500443,0.8199018729361995,-50.64992331609925,attack
2025-12-01 12:01:11.950000,29,1.6365524456030136,-0.4890862682325845,-50.1571141129519,attack
2025-12-01 12:01:12,0,1.6800499761801069,0.11708957920995289,-44.376275794431855,attack
2025-12-01 12:01:12.050000,1,1.1793477301463253,0.32876790192657124,-45.564480725996816,attack
2025-12-01 12:01:12.100000,2,1.0659760194372787,-0.1301919380586476,-44.76732803839465,attack
2025-12-01 12:01:12.150000,3,1.4531316729742534,-0.7011509836978913,-35.928861492165446,attack
2025-12-01 12:01:12.200000,4,0.7112143555333215,0.8214601441493383,-49.623803623673105,attack
2025-12-01 12:01:12.250000,5,0.7278031520710462,-0.7120662467297523,-39.05845477038515,attack
2025-12-01 12:01:12.300000,6,1.0930054350175515,-0.31030987251243447,-42.973684548460305,attack
2025-12-01 12:01:12.350000,7,1.6908492919107845,-0.11887482056291176,-53.57013176557216,attack
2025-12-01 12:01:12.400000,8,1.6929597613161933,0.1741978152878607,-35.79158515526299,attack
2025-12-01 12:01:12.450000,9,0.793938550898007,0.5469407116997922,-40.58364292029226,attack
2025-12-01 12:01:12.500000,10,1.1586244695606638,-0.5199907555029468,-49.90017059237402,attack
2025-12-01 12:01:12.550000,11,1.042660458934298,-0.21808594672282133,-40.09270871399036,attack
2025-12-01 12:01:12.600000,12,-0.3144514393651061,-0.1303659588856485,-46.71964132274322,attack
2025-12-01 12:01:12.650000,13,0.928812679719488,0.22515587281570637,-45.91168135951744,attack
2025-12-01 12:01:12.700000,14,1.686503246130194,-0.04171619647347846,-40.087779268393966,attack
2025-12-01 12:01:12.750000,15,0.9769264288015247,-0.07428687572412063,-37.87855903503089,attack
2025-12-01 12:01:12.800000,16,0.9568702498075632,0.20045063760501014,-43.36398371890102,attack
2025-12-01 12:01:12.850000,17,0.2770163646350401,0.5128739881050501,-44.55524125821698,attack
2025-12-01 12:01:12.900000,18,-0.41247241323644057,0.3250746137086211,-51.42771768365248,attack
2025-12-01 12:01:12.950000,19,1.1023430578980977,-0.6328442920004962,-45.31686216115637,attack
2025-12-01 12:01:13,20,0.6568947003248041,-0.43317431082435665,-45.53844711145567,attack
2025-12-01 12:01:13.050000,21,1.3034376495395639,0.3113894204328811,-45.10670698377961,attack
2025-12-01 12:01:13.100000,22,0.7126393661923869,-0.5213205297973551,-39.722471693223625,attack
2025-12-01 12:01:13.150000,23,1.3906663368884842,-0.29735537667139145,-50.0390069203382,attack
2025-12-01 12:01:13.200000,24,1.470071676871822,0.22200845521763535,-49.642935849797645,attack
2025-12-01 12:01:13.250000,25,0.6456129610828978,-0.1986725405262928,-43.90600231990548,attack
2025-12-01 12:01:13.300000,26,0.9870953776211976,0.6047694683077722,-45.92509047607936,attack
2025-12-01 12:01:13.350000,27,1.5525798040369194,0.13776099923325758,-50.0680153881498,attack
2025-12-01 12:01:13.400000,28,1.37047900433922,-0.018422400853149057,-50.04992082773918,attack
2025-12-01 12:01:13.450000,29,-0.13951953572543863,-0.16140621799607668,-45.68483879172192,attack
2025-12-01 12:01:13.500000,0,0.8445202054143677,0.2747457895513974,-37.20590119503181,attack
2025-12-01 12:01:13.550000,1,1.9656458434170319,0.6002453108305223,-46.54059185030008,attack
2025-12-01 12:01:13.600000,2,0.8604043234812482,0.2073608008278196,-50.01755115705971,attack
2025-12-01 12:01:13.650000,3,1.7630610044716524,0.11818049088218396,-44.50511754458983,attack
2025-12-01 12:01:13.700000,4,1.9817331630810666,-0.32849530205284294,-49.87270337687613,attack
2025-12-01 12:01:13.750000,5,1.503166224132845,0.14633696203302327,-45.933031735103036,attack
2025-12-01 12:01:13.800000,6,0.4596053413079054,-0.1019206379619284,-44.77557637140645,attack
2025-12-01 12:01:13.850000,7,1.3036512878570212,0.22657278468736042,-47.25824551904342,attack
2025-12-01 12:01:13.900000,8,1.8471527643099603,0.01671641540396296,-49.53790690207646,attack
2025-12-01 12:01:13.950000,9,0.7151463480917597,0.008263983700276256,-51.625923314957525,attack
2025-12-01 12:01:14,10,0.8043174129629909,0.5731317889017875,-50.53253166941233,attack
2025-12-01 12:01:14.050000,11,0.6496471639019188,0.041255192933060236,-34.65246534854181,attack
2025-12-01 12:01:14.100000,12,0.9352860642265843,0.07796748432165801,-44.8165978012966,attack
2025-12-01 12:01:14.150000,13,0.8775861958906545,-0.7546734646856863,-46.66537231625007,attack
2025-12-01 12:01:14.200000,14,1.439762046114013,-0.11154391670808872,-41.28847065825362,attack
2025-12-01 12:01:14.250000,15,1.3300298558142671,-0.4173383170859992,-43.31124334529955,attack
2025-12-01 12:01:14.300000,16,0.5838694722875251,0.25692113418247065,-41.28368553688626,attack
2025-12-01 12:01:14.350000,17,0.9955685378794384,0.30743926297754465,-44.32194276490547,attack
2025-12-01 12:01:14.400000,18,0.8168830837410684,0.35899546486952794,-39.597571136003246,attack
2025-12-01 12:01:14.450000,19,0.09216036378342607,-0.17684394347082044,-46.79986727328824,attack
2025-12-01 12:01:14.500000,20,1.676528022747319,0.01859687728680237,-38.45381610922689,attack
2025-12-01 12:01:14.550000,21,0.9904867423407082,-0.16927342383761124,-41.613304639165115,attack
2025-12-01 12:01:14.600000,22,0.42129915853648403,0.23526577554749561,-45.712593311191604,attack
2025-12-01 12:01:14.650000,23,0.6534408885914551,0.06332148381548564,-44.80048928214314,attack
2025-12-01 12:01:14.700000,24,0.7381448586634785,-0.8864673679360644,-43.26092359061619,attack
2025-12-01 12:01:14.750000,25,0.1401216139087842,0.28282629919614166,-36.35718048812838,attack
2025-12-01 12:01:14.800000,26,1.7782096708734523,-0.8238496616515376,-44.95308450252105,attack
2025-12-01 12:01:14.850000,27,0.6864154424036306,0.21875563981616164,-43.53778574564231,attack
2025-12-01 12:01:14.900000,28,1.2468332027550104,-1.107061937304298,-36.80655309803052,attack
2025-12-01 12:01:14.950000,29,0.636347483103169,0.17014564119819697,-57.830431013444674,attack
2025-12-01 12:01:15,0,0.5623781205029512,-0.1358730732415694,-52.78807079778981,attack
2025-12-01 12:01:15.050000,1,0.3081493145442835,0.635026354997982,-46.63426425965562,attack
2025-12-01 12:01:15.100000,2,1.197949409949683,-0.12297095750725306,-46.28722141733755,attack
2025-12-01 12:01:15.150000,3,0.33976559905399895,-0.22633915940389704,-45.61381417571529,attack
2025-12-01 12:01:15.200000,4,0.20116069802148562,0.07858598935461902,-46.461591660266066,attack
2025-12-01 12:01:15.250000,5,1.3317559762029416,-0.040568167341124006,-46.76379709679284,attack
2025-12-01 12:01:15.300000,6,1.2648909006735525,-0.6799566208985848,-52.39394077519011,attack
2025-12-01 12:01:15.350000,7,1.084443639743172,-0.7435684250810812,-55.24113973734843,attack
2025-12-01 12:01:15.400000,8,1.123392599680401,-0.2440570448646624,-48.83338045816923,attack
2025-12-01 12:01:15.450000,9,0.7690992883235075,0.4097341606124205,-45.41233380712312,attack
2025-12-01 12:01:15.500000,10,0.9303518540567669,-0.044316857348759786,-44.10926804395897,attack
2025-12-01 12:01:15.550000,11,0.8458435517378169,0.1004073267993455,-44.61693601397072,attack
2025-12-01 12:01:15.600000,12,0.9032232127419335,-0.6919767550789198,-45.86922368676626,attack
2025-12-01 12:01:15.650000,13,0.9900604176332063,-0.1754040552408922,-34.962255235761816,attack
2025-12-01 12:01:15.700000,14,0.44454232553812556,-0.27019513453985855,-47.104172110234416,attack
2025-12-01 12:01:15.750000,15,1.3597490646395902,-0.11866099660835294,-37.98299011761311,attack
2025-12-01 12:01:15.800000,16,0.6558971172156793,-0.06975717668738257,-44.04887828666272,attack
2025-12-01 12:01:15.850000,17,1.2485143194537645,0.13662008435633144,-40.1495697660227,attack
2025-12-01 12:01:15.900000,18,0.8276790610659375,-0.3489498052859088,-40.28853516561337,attack
2025-12-01 12:01:15.950000,19,1.5493758170139582,0.09216947048003243,-31.569519222934606,attack
2025-12-01 12:01:16,20,1.7435635053183303,-0.14846476397467745,-50.949730411704934,attack
2025-12-01 12:01:16.050000,21,0.9222450728903206,-0.3726929189134811,-44.83181627863539,attack
2025-12-01 12:01:16.100000,22,1.162304261201688,-0.7682981988843545,-44.74291705352654,attack
2025-12-01 12:01:16.150000,23,0.8355146721108812,-0.02966467166075537,-41.40129113795405,attack
2025-12-01 12:01:16.200000,24,0.44527725463748224,0.034377621596049845,-42.09903643323789,attack
2025-12-01 12:01:16.250000,25,0.6956856318798263,-0.06958357370991974,-39.58393687380752,attack
2025-12-01 12:01:16.300000,26,0.3268154115220754,-1.073485517810648,-46.85508538430848,attack
2025-12-01 12:01:16.350000,27,0.7452785748045903,-0.15221280439895013,-44.73188362308125,attack
2025-12-01 12:01:16.400000,28,0.5326227601697855,0.03798065939853856,-41.14877429851121,attack
2025-12-01 12:01:16.450000,29,1.2689134253704357,-0.23750362204803332,-41.04681355996311,attack
2025-12-01 12:01:16.500000,0,0.9952624340404466,0.32605176381872525,-43.91407004666855,attack
2025-12-01 12:01:16.550000,1,1.0574364408717623,-0.4939943291136424,-54.228955667697655,attack
2025-12-01 12:01:16.600000,2,1.3951706541227555,-0.03298393664126653,-46.87449012007445,attack
2025-12-01 12:01:16.650000,3,1.7083680313180896,-0.2672857002128466,-43.395877804403156,attack
2025-12-01 12:01:16.700000,4,1.5231369565777921,-0.0721401909732391,-45.98501753338496,attack
2025-12-01 12:01:16.750000,5,1.387496175859512,-0.6560516640449059,-57.391690610440065,attack
2025-12-01 12:01:16.800000,6,1.2624326181092242,-0.12812838927054226,-47.476433860110106,attack
2025-12-01 12:01:16.850000,7,0.39981298041522684,0.35134967750253754,-47.03660345718986,attack
2025-12-01 12:01:16.900000,8,0.9789593865946319,0.30770039560063234,-53.05326311289777,attack
2025-12-01 12:01:16.950000,9,0.8062401521787648,0.10425842748216319,-54.00121459547172,attack
2025-12-01 12:01:17,10,1.5248899280947623,1.043181547264056,-50.251980245899745,attack
2025-12-01 12:01:17.050000,11,1.5319129922211885,0.0832927036447959,-48.722399147628884,attack
2025-12-01 12:01:17.100000,12,0.7226255884374728,0.13336384853282102,-37.31452993964133,attack
2025-12-01 12:01:17.150000,13,1.4055648595926142,0.14381436566016337,-41.01940847569316,attack
2025-12-01 12:01:17.200000,14,1.0366780105654134,0.5033649964801619,-49.84611660353633,attack
2025-12-01 12:01:17.250000,15,0.6798575898529584,0.3846111536962442,-47.59755144930119,attack
2025-12-01 12:01:17.300000,16,1.2172468969959338,0.08922095523489393,-43.267202367569226,attack
2025-12-01 12:01:17.350000,17,2.2131767229156853,0.8115558469932043,-39.859662526077535,attack
2025-12-01 12:01:17.400000,18,1.095614740314129,0.14694954078010403,-46.77170294683559,attack
2025-12-01 12:01:17.450000,19,0.6980419739065273,0.3745210382463853,-45.70172860259816,attack
2025-12-01 12:01:17.500000,20,2.4414449378475434,0.16800772183156543,-49.46616084341141,attack
2025-12-01 12:01:17.550000,21,0.24595502537347502,-0.27936426369287615,-39.13854869186472,attack
2025-12-01 12:01:17.600000,22,0.5602810940583296,0.1689498375802745,-51.05410496062325,attack
2025-12-01 12:01:17.650000,23,-0.36477169650782426,0.02630991337718047,-45.819477056203226,attack
2025-12-01 12:01:17.700000,24,1.4890568058814662,-0.17004604321395966,-39.44039534860227,attack
2025-12-01 12:01:17.750000,25,0.8037346102641345,-0.5106636483666196,-44.64523236840605,attack
2025-12-01 12:01:17.800000,26,1.0167374393485968,0.5589341421718332,-52.55852370672364,attack
2025-12-01 12:01:17.850000,27,0.5167413171118131,-0.7892085667460664,-43.17942461497342,attack
2025-12-01 12:01:17.900000,28,0.815278563388884,0.19308094169111634,-42.73087525618321,attack
2025-12-01 12:01:17.950000,29,1.818626650257378,-0.5784416876614098,-49.64511222105611,attack
2025-12-01 12:01:18,0,1.0366578267716162,-0.33017451479448967,-44.356801001326346,attack
2025-12-01 12:01:18.050000,1,0.7426065618313042,-0.4441996027342725,-36.28429256008134,attack
2025-12-01 12:01:18.100000,2,1.1738545222390906,0.39800083561510036,-48.63690607556991,attack
2025-12-01 12:01:18.150000,3,1.0699167712026638,0.20984580714286194,-41.0448151518147,attack
2025-12-01 12:01:18.200000,4,1.8075767835329022,0.5834262814137312,-53.89262665573343,attack
2025-12-01 12:01:18.250000,5,0.8010984820703586,-0.1921032988246667,-39.69946516726944,attack
2025-12-01 12:01:18.300000,6,0.20794848576842828,-0.6825124578215434,-42.59390977074797,attack
2025-12-01 12:01:18.350000,7,1.1120608169569508,0.06322496492247254,-48.03501537211778,attack
2025-12-01 12:01:18.400000,8,1.1711330631378356,-0.041336469586818136,-50.50260909636595,attack
2025-12-01 12:01:18.450000,9,0.8283070540580748,-0.3034197269682575,-48.55301001942237,attack
2025-12-01 12:01:18.500000,10,1.5266156010087202,0.4055394250459563,-55.39055423204159,attack
2025-12-01 12:01:18.550000,11,0.8646555614429065,0.4776327903550337,-47.98877175956976,attack
2025-12-01 12:01:18.600000,12,1.3442168639448249,-0.25728726988123185,-40.87489235467694,attack
2025-12-01 12:01:18.650000,13,0.5192691894579515,-0.7665198007425551,-48.476698315008335,attack
2025-12-01 12:01:18.700000,14,0.6739073578846624,0.6891633806208053,-47.80311700928128,attack
2025-12-01 12:01:18.750000,15,0.528508212917408,0.4775104795504683,-41.65979552491565,attack
2025-12-01 12:01:18.800000,16,0.41487143237188706,0.6075671253945529,-40.732913311668796,attack
2025-12-01 12:01:18.850000,17,1.5767726203681849,-0.2980849934648102,-44.275149675652784,attack
2025-12-01 12:01:18.900000,18,0.08143361828388684,-0.0025524038950255346,-40.29969220036357,attack
2025-12-01 12:01:18.950000,19,1.4314997542989851,-0.24959908752420112,-44.40804938980909,attack
2025-12-01 12:01:19,20,1.312117098826359,-0.5305724692075904,-43.57124899857449,attack
2025-12-01 12:01:19.050000,21,0.8311207398581586,-0.3538754853017685,-50.10899881112607,attack
2025-12-01 12:01:19.100000,22,1.6998024369967846,-0.24505539912303442,-42.0186445517457,attack
2025-12-01 12:01:19.150000,23,1.4608851978387378,-0.3281636296002306,-38.76852767357624,attack
2025-12-01 12:01:19.200000,24,1.3808295086192235,-0.31804911721327134,-37.86317419327854,attack
2025-12-01 12:01:19.250000,25,1.9156397737599618,-0.30032964578458765,-47.93597444936868,attack
2025-12-01 12:01:19.300000,26,1.3570784388840271,0.15502041932863575,-40.565713232537846,attack
2025-12-01 12:01:19.350000,27,0.26199262461681116,0.2330631125719127,-40.52491103200286,attack
2025-12-01 12:01:19.400000,28,0.8551988895451201,-0.05387062157027289,-49.611655808590314,attack
2025-12-01 12:01:19.450000,29,0.7771868458460349,-0.2946767760817375,-39.67467827608844,attack
2025-12-01 12:01:19.500000,0,0.7717967504507179,-0.5705390673414992,-57.626086419950376,attack
2025-12-01 12:01:19.550000,1,0.83172118656757,0.016779765838669913,-39.74541799081779,attack
2025-12-01 12:01:19.600000,2,1.1911118107689747,-0.5373766084439611,-45.82512700467728,attack
2025-12-01 12:01:19.650000,3,1.468590498719242,0.5197887178713949,-39.6864398848505,attack
2025-12-01 12:01:19.700000,4,-0.1056311644707133,0.5532226738996862,-43.988175386928205,attack
2025-12-01 12:01:19.750000,5,0.7700505506006191,0.5210785434614924,-50.964861691949594,attack
2025-12-01 12:01:19.800000,6,1.1503782173655273,-0.40118455201851866,-42.96761666752518,attack
2025-12-01 12:01:19.850000,7,1.3197827617080167,-0.4553329267283508,-45.05096469715963,attack
2025-12-01 12:01:19.900000,8,2.042206790195432,-0.04257079294590316,-49.08060083042728,attack
2025-12-01 12:01:19.950000,9,1.7154716120326317,0.14524571245870055,-42.633666826196674,attack
2025-12-01 12:01:20,10,1.5255243747972387,-0.2754734548893909,-46.872931969690974,attack
2025-12-01 12:01:20.050000,11,0.5975527257177147,0.20928651753921113,-38.09445839360892,attack
2025-12-01 12:01:20.100000,12,0.9263062875986149,-0.31397514442995345,-56.52950495960513,attack
2025-12-01 12:01:20.150000,13,0.6211142693621969,0.4035778219859911,-47.322032623911994,attack
2025-12-01 12:01:20.200000,14,1.1529156000114873,0.031830204421251285,-48.61850207156023,attack
2025-12-01 12:01:20.250000,15,0.332199092605563,-0.0168750165150362,-50.35544925486447,attack
2025-12-01 12:01:20.300000,16,1.3517897440204134,0.03896823599410615,-37.16729052630269,attack
2025-12-01 12:01:20.350000,17,0.04115464980469474,-0.13488808949867304,-48.302266498606,attack
2025-12-01 12:01:20.400000,18,1.1462833013992446,-0.4799291981025151,-42.636649755165564,attack
2025-12-01 12:01:20.450000,19,1.3807702723541864,-0.29116929745609,-43.13674995897534,attack
2025-12-01 12:01:20.500000,20,2.114906820198529,-0.7138300954346821,-39.456156008451416,attack
2025-12-01 12:01:20.550000,21,0.8070837855180919,0.13666069795444225,-45.607490350887176,attack
2025-12-01 12:01:20.600000,22,0.8630237369908903,-0.5184302289260536,-41.29028223025754,attack
2025-12-01 12:01:20.650000,23,0.6861549808338934,-0.5457940967161345,-41.728513900863376,attack
2025-12-01 12:01:20.700000,24,1.083182484374486,0.0498307469960757,-50.6666343401428,attack
2025-12-01 12:01:20.750000,25,1.59760906743888,0.03878943208124186,-51.07433508401119,attack
2025-12-01 12:01:20.800000,26,0.8303080308821147,-0.16994738240719176,-50.990774514054316,attack
2025-12-01 12:01:20.850000,27,0.7781132065258207,-0.21103087731985326,-39.98916097294699,attack
2025-12-01 12:01:20.900000,28,0.6016198428633288,-0.45491457657198264,-44.41792593546134,attack
2025-12-01 12:01:20.950000,29,1.0855180439300045,0.21310962207002948,-47.21926588604806,attack
2025-12-01 12:01:21,0,1.342086866496061,-0.03008211687276008,-47.07587215969071,attack
2025-12-01 12:01:21.050000,1,0.9531145748208301,-0.14830348935505278,-45.03268310356139,attack
2025-12-01 12:01:21.100000,2,0.76756073257382,-0.428630358619126,-43.54445323518952,attack
2025-12-01 12:01:21.150000,3,0.3737140391666748,-0.5184305261869078,-52.617409047080784,attack
2025-12-01 12:01:21.200000,4,0.6691296918747659,-0.24687099231506782,-52.59035216841174,attack
2025-12-01 12:01:21.250000,5,2.2290889428941956,-0.5926168995265866,-52.14557349248447,attack
2025-12-01 12:01:21.300000,6,1.8203467286445432,0.5603297445965012,-52.91132690316935,attack
2025-12-01 12:01:21.350000,7,0.5410611328935617,-0.3097570499390665,-53.18186614081921,attack
2025-12-01 12:01:21.400000,8,1.3536591815632404,-0.1223049431660641,-44.14980412040506,attack
2025-12-01 12:01:21.450000,9,0.9743400285788132,-0.8866432049142658,-45.81811024104324,attack
2025-12-01 12:01:21.500000,10,1.0276327243280967,0.7361044588994718,-42.42102020383059,attack
2025-12-01 12:01:21.550000,11,0.2701241285775957,-0.5463613407767971,-43.248751145453205,attack
2025-12-01 12:01:21.600000,12,0.2136847705381768,0.6346340301190327,-47.03118918453913,attack
2025-12-01 12:01:21.650000,13,0.9368238992855141,0.14830055723191293,-42.68914982194391,attack
2025-12-01 12:01:21.700000,14,1.7617185062216283,0.4286322496603363,-42.97723446379696,attack
2025-12-01 12:01:21.750000,15,1.0463053967341656,0.20728347184495455,-41.35848463871057,attack
2025-12-01 12:01:21.800000,16,-0.13886642398250992,-0.49851642680664243,-47.597374906498885,attack
2025-12-01 12:01:21.850000,17,1.108873078502699,0.021427984759605945,-46.507391849617335,attack
2025-12-01 12:01:21.900000,18,1.1219540169184898,-0.31907486140667674,-47.5901369123043,attack
2025-12-01 12:01:21.950000,19,0.007914665438144008,-0.20898586984304268,-48.57293944914259,attack
2025-12-01 12:01:22,20,0.2847006565173903,-0.13285333695708523,-42.68882096041092,attack
2025-12-01 12:01:22.050000,21,0.040716477897308034,0.5932836406673023,-50.58816586004455,attack
2025-12-01 12:01:22.100000,22,0.7111937681450456,-0.5671200094951492,-45.980600948895116,attack
2025-12-01 12:01:22.150000,23,0.8802358999705671,0.004627063043063373,-55.650624577904765,attack
2025-12-01 12:01:22.200000,24,1.4252650876583597,-0.2969232571746323,-56.102601417461265,attack
2025-12-01 12:01:22.250000,25,1.6931766418262348,0.4622822658952601,-39.14815401883412,attack
2025-12-01 12:01:22.300000,26,0.6585889285472301,0.0982472604740976,-47.65078569057536,attack
2025-12-01 12:01:22.350000,27,1.0640049110051777,-0.21620429905961114,-48.033526996636716,attack
2025-12-01 12:01:22.400000,28,1.0521387928183858,-0.8571168947636609,-45.45166246504439,attack
2025-12-01 12:01:22.450000,29,1.4278887466157293,0.0024901187581378714,-49.934989723217384,attack
2025-12-01 12:01:22.500000,0,1.5589029548938345,0.016955792799256297,-47.35144674315263,attack
2025-12-01 12:01:22.550000,1,0.5573288654084958,0.1811102133346143,-36.54573562029678,attack
2025-12-01 12:01:22.600000,2,0.9757675297396734,-0.1870924304377244,-40.35995363613118,attack
2025-12-01 12:01:22.650000,3,0.6172926721275092,-0.14896808738825928,-44.98447693655258,attack
2025-12-01 12:01:22.700000,4,0.9318578836029537,-0.01215791255973242,-51.30365455215744,attack
2025-12-01 12:01:22.750000,5,0.5341905397843687,0.61499275252294,-47.688578904165794,attack
2025-12-01 12:01:22.800000,6,0.992918722512733,-0.089965723048401,-49.302224545236086,attack
2025-12-01 12:01:22.850000,7,0.21741621960910762,-0.21202347725326742,-35.484558081798724,attack
2025-12-01 12:01:22.900000,8,1.3535818985984087,-0.5843121995970382,-44.73870103895795,attack
2025-12-01 12:01:22.950000,9,1.3117409545767493,0.1335084328544891,-39.51013690861301,attack
2025-12-01 12:01:23,10,0.7863869760131514,0.1378755841218573,-35.24086944071899,attack
2025-12-01 12:01:23.050000,11,0.8515799832017892,0.6508565539327114,-48.320717115058166,attack
2025-12-01 12:01:23.100000,12,1.0271772657580174,-0.2556493438058478,-35.7483764197838,attack
2025-12-01 12:01:23.150000,13,1.5539945762347558,0.14432852245912997,-52.00717855300982,attack
2025-12-01 12:01:23.200000,14,-0.04563724567040106,-0.34415209578140527,-44.76639548011569,attack
2025-12-01 12:01:23.250000,15,1.6335071879319465,-0.09533610972319995,-56.96377638898391,attack
2025-12-01 12:01:23.300000,16,0.721376043995739,0.14912144217839396,-45.37099908866864,attack
2025-12-01 12:01:23.350000,17,0.6707679327644103,-0.3156614544126177,-47.6991239383295,attack
2025-12-01 12:01:23.400000,18,0.8244363109159791,-0.3349251451340818,-44.657277226378504,attack
2025-12-01 12:01:23.450000,19,1.349370875550751,0.33815242828042,-41.59428948354914,attack
2025-12-01 12:01:23.500000,20,0.2521993692825467,0.41529452040019255,-48.663365598762866,attack
2025-12-01 12:01:23.550000,21,1.655703812521454,0.08092220883743062,-45.847514461701216,attack
2025-12-01 12:01:23.600000,22,1.4407020723294544,-0.4774015385651973,-43.27532034750905,attack
2025-12-01 12:01:23.650000,23,1.288868020373777,0.06761874718731375,-45.37925808168891,attack
2025-12-01 12:01:23.700000,24,0.9979854381280807,0.40950988281666145,-48.003540210996455,attack
2025-12-01 12:01:23.750000,25,1.103757950401307,0.6206885689809813,-40.317111625291986,attack
2025-12-01 12:01:23.800000,26,1.1644137735238635,0.3208090212144872,-41.57245789904158,attack
2025-12-01 12:01:23.850000,27,0.550716273059092,-0.4467140324985608,-48.74037158337006,attack
2025-12-01 12:01:23.900000,28,0.2538504975299406,0.27814058270693254,-38.85399010624539,attack
2025-12-01 12:01:23.950000,29,1.0874232683937066,0.3957040178067994,-42.782982722568626,attack
2025-12-01 12:01:24,0,0.8969396073213369,0.18656124322874978,-43.515233952906826,attack
2025-12-01 12:01:24.050000,1,1.3519574771772551,-0.22272251699960766,-36.317661107919136,attack
2025-12-01 12:01:24.100000,2,1.4203811158641058,-0.2516595446346197,-44.32825459334096,attack
2025-12-01 12:01:24.150000,3,0.1475243322781875,-0.3448043538697019,-43.85522728907479,attack
2025-12-01 12:01:24.200000,4,0.5263829343843582,-0.1492175270220546,-37.209276691486366,attack
2025-12-01 12:01:24.250000,5,1.074908688088801,-0.1318620886065225,-45.455931620212155,attack
2025-12-01 12:01:24.300000,6,1.5917025662836326,0.4675655205640359,-47.92548478200351,attack
2025-12-01 12:01:24.350000,7,1.4221846166055518,-0.06516370206597433,-42.52408822856506,attack
2025-12-01 12:01:24.400000,8,0.45174961081336873,0.2005023243829176,-36.81312545820461,attack
2025-12-01 12:01:24.450000,9,0.6387483772770066,-0.05471340910949385,-44.83808432692277,attack
2025-12-01 12:01:24.500000,10,1.5356691922397854,0.26063380739446096,-40.3759237959013,attack
2025-12-01 12:01:24.550000,11,1.199945208854936,0.8508485500668748,-48.54435026294684,attack
2025-12-01 12:01:24.600000,12,0.7603906162475877,-0.18985116230969146,-39.452684887229196,attack
2025-12-01 12:01:24.650000,13,0.5540380247838248,0.18212467539312982,-44.93092100509554,attack
2025-12-01 12:01:24.700000,14,0.6743133131447476,0.2991949524408173,-47.43309059706756,attack
2025-12-01 12:01:24.750000,15,1.177713727049371,-0.6159320728006406,-51.946832020996595,attack
2025-12-01 12:01:24.800000,16,0.7386834423429223,0.04350440487643992,-38.79779845944738,attack
2025-12-01 12:01:24.850000,17,1.0040880572556763,-0.3415422020751824,-47.49698120404463,attack
2025-12-01 12:01:24.900000,18,0.9086694463013063,0.46746997640777943,-43.5726906416266,attack
2025-12-01 12:01:24.950000,19,0.2881587088164541,0.3688974354723369,-53.37219584975931,attack
2025-12-01 12:01:25,20,0.7070298384795248,0.6662729705447421,-41.02270910112079,attack
2025-12-01 12:01:25.050000,21,0.4670967528046426,-0.39926057339801835,-44.66838332741138,attack
2025-12-01 12:01:25.100000,22,1.1748510306538935,-0.05590619762048954,-41.64512220367499,attack
2025-12-01 12:01:25.150000,23,1.0239871835836079,-0.20631183988815183,-52.25333526922269,attack
2025-12-01 12:01:25.200000,24,1.5300215009177092,0.3314745792580318,-49.982914719824954,attack
2025-12-01 12:01:25.250000,25,1.1011569824055436,0.01161241317063011,-44.401767531539,attack
2025-12-01 12:01:25.300000,26,1.3076332549081016,-0.33428100296375973,-45.28066646128736,attack
2025-12-01 12:01:25.350000,27,0.7643232738891379,-0.27387368115208366,-48.47389520834553,attack
2025-12-01 12:01:25.400000,28,1.0354863780044767,0.14480609175120174,-46.95509988019587,attack
2025-12-01 12:01:25.450000,29,-0.16423928668991272,-0.12212827340557553,-52.305710796999115,attack
2025-12-01 12:01:25.500000,0,2.6472912759023846,0.6651939854315092,-49.54331788557826,attack
2025-12-01 12:01:25.550000,1,1.9855103851316274,0.8421397107636355,-38.36582836480791,attack
2025-12-01 12:01:25.600000,2,1.096852049382162,0.13300912476162097,-49.170999895594385,attack
2025-12-01 12:01:25.650000,3,1.0194740129094113,-0.09276502297632838,-44.04349838009418,attack
2025-12-01 12:01:25.700000,4,1.12445501957381,-0.17055710264180224,-47.6372450342388,attack
2025-12-01 12:01:25.750000,5,0.28591832186884336,-0.20261664388220169,-37.326331983085836,attack
2025-12-01 12:01:25.800000,6,0.2553314589766814,-0.043192578323130615,-48.025085699441775,attack
2025-12-01 12:01:25.850000,7,1.760918317246765,-0.19752752171394805,-47.688508861715825,attack
2025-12-01 12:01:25.900000,8,0.737876471297155,0.21267212924720535,-42.730926026948715,attack
2025-12-01 12:01:25.950000,9,0.7260807902953046,0.4335234884485466,-49.52922476778556,attack
2025-12-01 12:01:26,10,1.751871859769226,-0.0931570682390852,-42.42267377542415,attack
2025-12-01 12:01:26.050000,11,0.5419682180183787,0.17833802201563653,-37.69621226397683,attack
2025-12-01 12:01:26.100000,12,1.141681342583131,0.5613565277713075,-50.85599017709503,attack
2025-12-01 12:01:26.150000,13,0.5666236012481956,0.3489713160477783,-37.27259875414237,attack
2025-12-01 12:01:26.200000,14,0.9812728634159794,0.21844044931286488,-35.83147142802361,attack
2025-12-01 12:01:26.250000,15,0.8908307579601275,0.3498016953316423,-42.20984203477349,attack
2025-12-01 12:01:26.300000,16,1.148602727417207,-0.2160153898303614,-40.16298093187381,attack
2025-12-01 12:01:26.350000,17,1.5956029658598565,0.22509012389775895,-47.86204273451063,attack
2025-12-01 12:01:26.400000,18,0.816405002074057,-0.34206683428456675,-43.02876147752093,attack
2025-12-01 12:01:26.450000,19,1.15588123243306,-0.1248508764734857,-39.54447875629824,attack
2025-12-01 12:01:26.500000,20,1.1855112709564952,-0.08762265154486304,-46.95725817320043,attack
2025-12-01 12:01:26.550000,21,0.7117839040349878,0.12444724888088121,-43.555304743424756,attack
2025-12-01 12:01:26.600000,22,0.5111411175626923,-0.03367012705407646,-45.89815563057117,attack
2025-12-01 12:01:26.650000,23,0.13269445511834854,0.5429466117140249,-46.44670753932139,attack
2025-12-01 12:01:26.700000,24,1.26570685926595,0.27337936850774947,-42.31743741403015,attack
2025-12-01 12:01:26.750000,25,0.3271450709537205,-0.23912788977143773,-47.255477336913664,attack
2025-12-01 12:01:26.800000,26,0.8730191495502995,0.05513431814882219,-49.68465024661725,attack
2025-12-01 12:01:26.850000,27,-0.061298941900183035,-0.16347178483919445,-47.70016663969359,attack
2025-12-01 12:01:26.900000,28,0.974902180452954,0.7402937594902563,-53.522511826044166,attack
2025-12-01 12:01:26.950000,29,0.9241532079784035,0.08510529030101965,-37.716751733924326,attack
2025-12-01 12:01:27,0,1.347468437175185,0.3823743440759326,-53.900755781340635,attack
2025-12-01 12:01:27.050000,1,0.39311141865962573,0.4684832482340755,-47.264183050359314,attack
2025-12-01 12:01:27.100000,2,0.712674914008156,0.35262547916457265,-46.876893497120555,attack
2025-12-01 12:01:27.150000,3,0.7612576016596718,-0.024166330869638486,-41.35614048418552,attack
2025-12-01 12:01:27.200000,4,0.17574379591926936,0.5169784845933707,-32.89622205627563,attack
2025-12-01 12:01:27.250000,5,0.3960541474923881,-0.5899057722733048,-45.24846843663777,attack
2025-12-01 12:01:27.300000,6,1.0493379442511377,-0.10568352465587072,-45.242860691211135,attack
2025-12-01 12:01:27.350000,7,1.4551766078221235,-0.7157569419211165,-51.643809180517046,attack
2025-12-01 12:01:27.400000,8,1.343437195175197,-0.6255812708332709,-45.85881252796111,attack
2025-12-01 12:01:27.450000,9,0.0003177467618318275,0.19830825246382133,-35.83402635151259,attack
2025-12-01 12:01:27.500000,10,1.0849115132566245,-0.348979584000781,-49.55184125731563,attack
2025-12-01 12:01:27.550000,11,0.8760116774535459,-0.40656014324234535,-45.610286270089425,attack
2025-12-01 12:01:27.600000,12,0.08395873269245313,0.21788804420091612,-43.18771955415561,attack
2025-12-01 12:01:27.650000,13,0.7160529504872002,-0.34435830005143453,-49.533443374630075,attack
2025-12-01 12:01:27.700000,14,1.4929295725366434,-0.14748934467850194,-43.39857869698477,attack
2025-12-01 12:01:27.750000,15,1.1558208993548753,0.37279844081036817,-40.41855964715064,attack
2025-12-01 12:01:27.800000,16,1.6879225376605405,-0.31170967730691235,-42.61126158789379,attack
2025-12-01 12:01:27.850000,17,1.196164366783985,-0.45689157747562215,-44.3997611948105,attack
2025-12-01 12:01:27.900000,18,0.046235598466970784,0.8104725853884767,-41.44230183219431,attack
2025-12-01 12:01:27.950000,19,0.9007456932843189,-0.6472202377173621,-46.92146947956607,attack
2025-12-01 12:01:28,20,0.6054507686987955,-0.0528829438522922,-49.909321334524286,attack
2025-12-01 12:01:28.050000,21,1.0305366000617784,-0.00418756718086799,-46.18581327951835,attack
2025-12-01 12:01:28.100000,22,0.6243122381292151,-0.1050079226363625,-42.1606216595417,attack
2025-12-01 12:01:28.150000,23,0.3920641111146097,0.014112333094453255,-49.65679795343679,attack
2025-12-01 12:01:28.200000,24,0.653143329450699,-0.06453751724573342,-47.2944403074155,attack
2025-12-01 12:01:28.250000,25,0.6571300195448511,-0.2556607618247906,-50.29569449750107,attack
2025-12-01 12:01:28.300000,26,0.620977533112274,-0.21892445536785,-46.00623321832271,attack
2025-12-01 12:01:28.350000,27,0.29261667562390725,0.32086612412728854,-38.5844425343232,attack
2025-12-01 12:01:28.400000,28,1.134019437455457,0.7226359984361728,-45.067009012799964,attack
2025-12-01 12:01:28.450000,29,1.7376756871811652,0.15363747234338154,-38.8407769941157,attack
2025-12-01 12:01:28.500000,0,0.549494891751287,-0.07354821974069203,-50.75748203105326,attack
2025-12-01 12:01:28.550000,1,1.1380992259518823,-0.10269209081462805,-46.72317475463112,attack
2025-12-01 12:01:28.600000,2,1.0321090635649948,0.14837251941444496,-43.505956207565944,attack
2025-12-01 12:01:28.650000,3,1.6989851543302215,-0.16809344210126964,-44.29927375523313,attack
2025-12-01 12:01:28.700000,4,1.030949180258894,-0.19647316438857532,-42.240692059572304,attack
2025-12-01 12:01:28.750000,5,0.8121592437517027,0.5360759831615942,-57.20713920215995,attack
2025-12-01 12:01:28.800000,6,0.575633869569142,0.3692776986196993,-49.66201676380354,attack
2025-12-01 12:01:28.850000,7,1.0977315742462825,0.8515258310014442,-38.30890759760994,attack
2025-12-01 12:01:28.900000,8,1.2342056901821594,0.41329962124608866,-42.46786659928833,attack
2025-12-01 12:01:28.950000,9,1.9356899993693144,-0.09938888928424738,-39.64338802967051,attack
2025-12-01 12:01:29,10,1.2503721490561963,-0.12370378191709541,-48.35803521848985,attack
2025-12-01 12:01:29.050000,11,1.3749420479137155,0.26042863910955116,-44.864192694120796,attack
2025-12-01 12:01:29.100000,12,0.4264001657079064,0.432073427097007,-43.123364544146604,attack
2025-12-01 12:01:29.150000,13,1.7065963914926674,-0.7933747479970381,-50.64693168447077,attack
2025-12-01 12:01:29.200000,14,1.2734025760221543,-0.4562467103493897,-47.8681111786994,attack
2025-12-01 12:01:29.250000,15,0.4546080689255102,0.49092901579192594,-46.687818626965644,attack
2025-12-01 12:01:29.300000,16,2.2572094796329862,-0.587465107246322,-55.062447638421,attack
2025-12-01 12:01:29.350000,17,0.22462422346758126,-0.3752465605364117,-46.78673838822666,attack
2025-12-01 12:01:29.400000,18,0.4495281950863279,0.05199955605346185,-37.509122336702205,attack
2025-12-01 12:01:29.450000,19,1.4016038019384718,-0.5826937984898461,-49.50860963391748,attack
2025-12-01 12:01:29.500000,20,0.19628709435213187,-0.31992297125001956,-46.17033757789812,attack
2025-12-01 12:01:29.550000,21,1.1663741197887083,0.2946119179951685,-40.11270019147836,attack
2025-12-01 12:01:29.600000,22,1.209768059439401,-0.28394498618958375,-42.028176731147624,attack
2025-12-01 12:01:29.650000,23,1.3876590498331063,-0.25380358852588447,-38.281919327137125,attack
2025-12-01 12:01:29.700000,24,1.1432476962143743,-0.04391068200874315,-42.1281019304396,attack
2025-12-01 12:01:29.750000,25,1.0942815814255133,-0.7947665530299366,-48.8151345198632,attack
2025-12-01 12:01:29.800000,26,0.6762414401106409,0.07039929808346423,-46.514615043624715,attack
2025-12-01 12:01:29.850000,27,1.1309282895351982,0.049756385001366255,-41.932251481888,attack
2025-12-01 12:01:29.900000,28,1.8015734269886403,0.5434164956888541,-56.00586866175509,attack
2025-12-01 12:01:29.950000,29,1.7761012243965135,0.48839821426011776,-41.15451747936452,attack
2025-12-01 12:01:30,0,0.6892944117873696,0.0736850437877914,-43.73596838662579,attack
2025-12-01 12:01:30.050000,1,1.2824781996648211,0.04107599933858985,-37.1932557039418,attack
2025-12-01 12:01:30.100000,2,1.3240500119604512,0.28862272211141216,-50.27793356688347,attack
2025-12-01 12:01:30.150000,3,1.5532225569461775,0.505263337334549,-48.45058100806075,attack
2025-12-01 12:01:30.200000,4,0.8799661205096045,-0.20797713762522285,-46.25815961562117,attack
2025-12-01 12:01:30.250000,5,0.5382319227547889,0.03328358188781699,-40.30282813591704,attack
2025-12-01 12:01:30.300000,6,0.8257216742592128,0.21503472045670424,-42.94557081381941,attack
2025-12-01 12:01:30.350000,7,1.5576614570752236,0.8571937179844222,-51.64058707801063,attack
2025-12-01 12:01:30.400000,8,0.9576234712385484,-0.07218227135571942,-39.50194256031086,attack
2025-12-01 12:01:30.450000,9,1.051557678518169,0.5017533972488635,-46.5885472427054,attack
2025-12-01 12:01:30.500000,10,0.48120641842961787,-0.2828106742547676,-38.56486908427912,attack
2025-12-01 12:01:30.550000,11,1.2782528846254946,0.2896148726232801,-45.881588978173745,attack
2025-12-01 12:01:30.600000,12,1.3557889737274103,0.07223026135000099,-41.523589882155164,attack
2025-12-01 12:01:30.650000,13,1.4990082352087892,-0.6875257372854957,-39.043411113886336,attack
2025-12-01 12:01:30.700000,14,1.8389157579192275,-0.03496902456810336,-47.98908402936012,attack
2025-12-01 12:01:30.750000,15,1.5488067973102506,0.118687332068939,-43.83546162615646,attack
2025-12-01 12:01:30.800000,16,0.693601227072201,-0.558781802517395,-39.34205469711024,attack
2025-12-01 12:01:30.850000,17,0.46536891896065025,0.6633345808743609,-40.27608199198456,attack
2025-12-01 12:01:30.900000,18,0.023759496619273124,0.2027384064037494,-50.87207994844034,attack
2025-12-01 12:01:30.950000,19,1.2298332758480472,-0.2660479952649575,-43.67946983005194,attack
2025-12-01 12:01:31,20,1.3714047944084398,-0.2546821991582666,-43.93914689564079,attack
2025-12-01 12:01:31.050000,21,1.7753417865432053,-0.207411714562173,-48.13545574476998,attack
2025-12-01 12:01:31.100000,22,-0.028197959580316567,-0.073779912055707,-42.882004656824186,attack
2025-12-01 12:01:31.150000,23,0.4887329966194329,-0.11025117161083076,-48.89544641152907,attack
2025-12-01 12:01:31.200000,24,0.7717108650803134,0.4982766677936139,-44.76084585730462,attack
2025-12-01 12:01:31.250000,25,0.8936309225566657,0.1049979502445142,-49.40574861543027,attack
2025-12-01 12:01:31.300000,26,1.7293212252502954,-0.28866868832571946,-40.46537103080959,attack
2025-12-01 12:01:31.350000,27,1.492107545484526,0.5914812099419988,-48.664466834299475,attack
2025-12-01 12:01:31.400000,28,0.873962418990301,0.10649268912948928,-42.66161406243962,attack
2025-12-01 12:01:31.450000,29,0.3402938699372373,-0.21636549798322857,-52.25155028758326,attack
2025-12-01 12:01:31.500000,0,0.2038832033620983,0.357700929834714,-41.42404910816858,attack
2025-12-01 12:01:31.550000,1,0.44141320245987925,-0.8179889422933604,-50.090557687471524,attack
2025-12-01 12:01:31.600000,2,1.1528212080669946,0.12377576472987162,-50.98516957760055,attack
2025-12-01 12:01:31.650000,3,1.8839363836470193,-0.20337565053855577,-49.6137238350109,attack
2025-12-01 12:01:31.700000,4,2.65815425097697,-0.5527780046479212,-47.171961240010816,attack
2025-12-01 12:01:31.750000,5,2.0222440099782073,-0.2672786085549643,-42.19086721006262,attack
2025-12-01 12:01:31.800000,6,1.0540937536555863,-0.2656704644287027,-54.39734111004761,attack
2025-12-01 12:01:31.850000,7,2.0647783584283967,0.522351224706628,-52.286810816497706,attack
2025-12-01 12:01:31.900000,8,1.335086703094183,0.11220574350035228,-45.39715509353829,attack
2025-12-01 12:01:31.950000,9,1.7882505746854993,0.4346261905497695,-47.93444398241432,attack
2025-12-01 12:01:32,10,1.4764194302294285,-0.22325515000860463,-54.900662251950905,attack
2025-12-01 12:01:32.050000,11,1.1245990977095879,-0.3685276401376223,-47.29451547993191,attack
2025-12-01 12:01:32.100000,12,0.7799787015957897,0.24337520423814318,-49.461535859623545,attack
2025-12-01 12:01:32.150000,13,0.3089881456150063,-0.3354859799815366,-45.655474934432625,attack
2025-12-01 12:01:32.200000,14,1.6937975310015423,0.2824900500185068,-52.78367198752463,attack
2025-12-01 12:01:32.250000,15,1.8938975398530276,-0.07361038362420169,-41.67498149772706,attack
2025-12-01 12:01:32.300000,16,1.509135719799919,-0.2062806945940614,-46.77972668810142,attack
2025-12-01 12:01:32.350000,17,0.5863903181182584,-0.08774681760618197,-40.9526318148301,attack
2025-12-01 12:01:32.400000,18,0.11814990588459329,0.2622143848747087,-46.14472761521435,attack
2025-12-01 12:01:32.450000,19,1.8558351062612817,0.7788031433484539,-41.83638547966864,attack
2025-12-01 12:01:32.500000,20,0.7797806875646396,-0.11508241512152795,-54.143364813974586,attack
2025-12-01 12:01:32.550000,21,2.306653019723459,0.5379194050019258,-35.54775485228281,attack
2025-12-01 12:01:32.600000,22,0.4507392440633944,-0.10857473925665495,-42.86185330899342,attack
2025-12-01 12:01:32.650000,23,1.0016723707214767,-0.33919698152492606,-47.4348267911596,attack
2025-12-01 12:01:32.700000,24,1.171192806078268,0.11252242222477804,-57.8349202920367,attack
2025-12-01 12:01:32.750000,25,1.3928945732242988,0.49867449687525234,-44.94090301357763,attack
2025-12-01 12:01:32.800000,26,1.4210909099082252,-0.23887532295450065,-37.39789469063538,attack
2025-12-01 12:01:32.850000,27,1.4140637892234946,0.3466508339039245,-40.26026012136661,attack
2025-12-01 12:01:32.900000,28,1.109035294052719,0.25497633856769575,-49.63412717295905,attack
2025-12-01 12:01:32.950000,29,1.006603802226052,-0.9773542730876668,-49.962981177942716,attack
2025-12-01 12:01:33,0,1.1389955667682936,0.379264308164573,-39.82285354541109,attack
2025-12-01 12:01:33.050000,1,1.1276602060562544,0.17706091424587855,-39.17997889167668,attack
2025-12-01 12:01:33.100000,2,1.2653047141416958,-0.4547292895517514,-40.54979899225106,attack
2025-12-01 12:01:33.150000,3,1.252853376529568,0.3480454113426865,-42.47402688790845,attack
2025-12-01 12:01:33.200000,4,0.35821538263775987,0.25328226592537906,-47.0796631528625,attack
2025-12-01 12:01:33.250000,5,1.0066159468216913,0.2356165394388552,-49.763129607974356,attack
2025-12-01 12:01:33.300000,6,0.3335619100711218,-0.043713176733411796,-48.647582955265406,attack
2025-12-01 12:01:33.350000,7,1.1542173364676471,0.0786154363742062,-38.64016342780155,attack
2025-12-01 12:01:33.400000,8,0.4830126442409315,0.0402247169004637,-38.162058567900814,attack
2025-12-01 12:01:33.450000,9,0.20606980457053603,-0.19035947824358423,-43.298744834826095,attack
2025-12-01 12:01:33.500000,10,1.770324585115183,0.024390046635497153,-43.263617308369724,attack
2025-12-01 12:01:33.550000,11,1.409258831062227,-0.037399846478151755,-46.01782351828071,attack
2025-12-01 12:01:33.600000,12,1.1532442247001478,-0.05075568258211316,-40.059361257413194,attack
2025-12-01 12:01:33.650000,13,1.4888004086925226,0.3382236470499813,-38.892478494527765,attack
2025-12-01 12:01:33.700000,14,2.2622108036875446,-0.1915594740912292,-37.794693569131105,attack
2025-12-01 12:01:33.750000,15,1.1397880235086988,-0.6690505580662789,-40.87718108166094,attack
2025-12-01 12:01:33.800000,16,1.9671489902840968,-0.01412431559111571,-43.940221503367916,attack
2025-12-01 12:01:33.850000,17,0.9347085233893435,0.10759330844434434,-45.389346672373925,attack
2025-12-01 12:01:33.900000,18,0.5376060828638756,0.24629272409034098,-47.6182576314237,attack
2025-12-01 12:01:33.950000,19,2.2164821420851304,0.11118931740403903,-49.1077046611907,attack
2025-12-01 12:01:34,20,0.32333559365776066,-0.06676081250473276,-44.55525263925683,attack
2025-12-01 12:01:34.050000,21,0.8597242257239426,-0.29573816228103045,-47.98389048731076,attack
2025-12-01 12:01:34.100000,22,0.25676170583614844,0.18005127849031277,-43.7956520428808,attack
2025-12-01 12:01:34.150000,23,-0.20170051000981548,0.5762003732845642,-39.905555044934616,attack
2025-12-01 12:01:34.200000,24,0.06174407447323493,-0.2929986700958853,-39.025449844938585,attack
2025-12-01 12:01:34.250000,25,1.8698168478322268,-0.2464875867361771,-48.6117055508093,attack
2025-12-01 12:01:34.300000,26,1.3261361183337717,0.03665450352608213,-47.29109133280369,attack
2025-12-01 12:01:34.350000,27,0.18487165121062188,-0.31720873906662383,-53.2793863628161,attack
2025-12-01 12:01:34.400000,28,1.9960067193856605,-0.12204107431210298,-53.74013806030113,attack
2025-12-01 12:01:34.450000,29,0.4158788687252998,-0.4834326682897023,-46.62840482407418,attack
2025-12-01 12:01:34.500000,0,1.027427941607533,-0.11718094217932906,-53.25854128861766,attack
2025-12-01 12:01:34.550000,1,0.5033130306353446,-0.34977460696908036,-54.43038500323433,attack
2025-12-01 12:01:34.600000,2,1.6978656011639812,-0.07076740675902204,-53.0053879617671,attack
2025-12-01 12:01:34.650000,3,0.6471456921030151,0.02080330912560191,-35.58598558869281,attack
2025-12-01 12:01:34.700000,4,0.552751614379666,-0.7083673253467082,-43.79124374016793,attack
2025-12-01 12:01:34.750000,5,1.2444727551202242,0.309880350898744,-46.441720543638475,attack
2025-12-01 12:01:34.800000,6,0.3205387579458938,0.07342347015555006,-54.655544635103055,attack
2025-12-01 12:01:34.850000,7,0.4293302064680038,-0.30386957942871184,-42.933576180978385,attack
2025-12-01 12:01:34.900000,8,0.9810145008252448,-0.0635157106518931,-50.020948168346344,attack
2025-12-01 12:01:34.950000,9,1.4797783061741854,0.5755440173418584,-48.7836757187691,attack
2025-12-01 12:01:35,10,2.2829554737074105,0.07805676129901506,-48.56133935691113,attack
2025-12-01 12:01:35.050000,11,0.8392258235377799,0.2062033698629797,-38.23434480965412,attack
2025-12-01 12:01:35.100000,12,1.636123209525831,-0.4518852112484337,-39.51299205849806,attack
2025-12-01 12:01:35.150000,13,1.8073616465932996,0.4611031372810488,-41.72344596150323,attack
2025-12-01 12:01:35.200000,14,0.9179678717712394,0.10647511802571996,-38.433498122366274,attack
2025-12-01 12:01:35.250000,15,0.31323806568245194,0.15638961687645425,-35.2978140876002,attack
2025-12-01 12:01:35.300000,16,1.304673724886041,-0.7762980948334941,-40.67656589639258,attack
2025-12-01 12:01:35.350000,17,0.31287960897361256,0.6237365194213504,-43.90913473818899,attack
2025-12-01 12:01:35.400000,18,1.2727158104509888,-0.37318992642570326,-50.41699344585238,attack
2025-12-01 12:01:35.450000,19,1.6833308038559154,0.7426979229809114,-43.47270608480503,attack
2025-12-01 12:01:35.500000,20,0.6003503389441298,-0.4290892986410286,-48.71928463536793,attack
2025-12-01 12:01:35.550000,21,0.8273498787241957,-0.3636120511651195,-41.63282912142856,attack
2025-12-01 12:01:35.600000,22,0.6965057115505127,-0.7741134919504211,-46.22093704468685,attack
2025-12-01 12:01:35.650000,23,0.9531494966384935,-0.09267562837709864,-49.38249776862859,attack
2025-12-01 12:01:35.700000,24,1.2819894153696487,-0.3963228659738949,-36.218228154415044,attack
2025-12-01 12:01:35.750000,25,1.383469422472151,-1.341754665364488,-37.901212145192474,attack
2025-12-01 12:01:35.800000,26,0.6723572335009776,0.3995311063503637,-38.798414093082904,attack
2025-12-01 12:01:35.850000,27,0.7330020182530286,-0.19212915589225332,-43.1505809754799,attack
2025-12-01 12:01:35.900000,28,1.18960779331817,-0.1221413542570744,-56.840866054657454,attack
2025-12-01 12:01:35.950000,29,1.912784583965772,-0.08556289294608233,-43.67017360494119,attack
2025-12-01 12:01:36,0,0.06633089168992956,0.004053533421262134,-42.68547625625474,attack
2025-12-01 12:01:36.050000,1,1.303306970112294,0.33122369273190344,-55.22476473468536,attack
2025-12-01 12:01:36.100000,2,0.35961613256804903,0.40959785247543135,-46.152075542707806,attack
2025-12-01 12:01:36.150000,3,1.6612133847018211,0.18781375927281108,-48.71378833373095,attack
2025-12-01 12:01:36.200000,4,0.3286773504100393,-0.4328139827315982,-47.81602502997784,attack
2025-12-01 12:01:36.250000,5,0.3590614571103279,-0.0897182909511911,-49.363692305402964,attack
2025-12-01 12:01:36.300000,6,1.4583785966226939,-0.3556497391935691,-43.001954348542014,attack
2025-12-01 12:01:36.350000,7,1.1085171515836145,0.11195412268761151,-43.93293255447182,attack
2025-12-01 12:01:36.400000,8,1.0508064053462967,-0.22671239613758587,-40.77775825533539,attack
2025-12-01 12:01:36.450000,9,0.5274554809218017,-0.2869275051465592,-42.778481033354694,attack
2025-12-01 12:01:36.500000,10,0.06271636461356589,-0.10734678174311574,-44.510902444478376,attack
2025-12-01 12:01:36.550000,11,1.4283806630162772,0.19341550623569947,-39.323226886258816,attack
2025-12-01 12:01:36.600000,12,1.2979712192572026,0.4050172567338888,-46.35036223361916,attack
2025-12-01 12:01:36.650000,13,1.2503898997521161,-0.6756643594908245,-43.43684350625817,attack
2025-12-01 12:01:36.700000,14,0.7587064548702565,0.04947397550915866,-46.65990777441522,attack
2025-12-01 12:01:36.750000,15,0.8646101416198763,0.41691983727880677,-44.07954007086097,attack
2025-12-01 12:01:36.800000,16,1.174952792096138,0.039409218563568604,-40.375768262981616,attack
2025-12-01 12:01:36.850000,17,1.3256721507618396,0.46889773498788356,-57.303769334429305,attack
2025-12-01 12:01:36.900000,18,1.2422139699507022,-0.2984661382756335,-37.773888090999485,attack
2025-12-01 12:01:36.950000,19,-0.40046987900981557,-0.10029417670646845,-37.90803608320132,attack
2025-12-01 12:01:37,20,0.734026921827394,-0.10522615780488032,-39.89703852955188,attack
2025-12-01 12:01:37.050000,21,0.6888537234321885,-0.052442444822332845,-50.09267916621876,attack
2025-12-01 12:01:37.100000,22,1.4600668461791906,-0.3081901046645035,-42.94413673078028,attack
2025-12-01 12:01:37.150000,23,0.8263303352214515,-0.3899726779766177,-41.09594039233836,attack
2025-12-01 12:01:37.200000,24,0.8019333558084366,-0.42485635398770993,-38.460920163588476,attack
2025-12-01 12:01:37.250000,25,0.8853328042542944,0.08495933443262116,-55.554304338130635,attack
2025-12-01 12:01:37.300000,26,1.8086510748687377,0.42114227644535784,-46.48927490059571,attack
2025-12-01 12:01:37.350000,27,0.9038019656118063,-0.32664815742706743,-47.28267243030995,attack
2025-12-01 12:01:37.400000,28,0.23246732575250273,-0.03278856776620387,-45.496525915196116,attack
2025-12-01 12:01:37.450000,29,-0.5154097521186012,-0.01214410313120684,-49.10704265017755,attack
2025-12-01 12:01:37.500000,0,0.3257083682137035,0.12220519481261549,-52.2047381489747,attack
2025-12-01 12:01:37.550000,1,1.2479839964222899,0.34506311439889625,-35.82387440778318,attack
2025-12-01 12:01:37.600000,2,1.261365153447855,-0.10523990145794127,-48.630105870481636,attack
2025-12-01 12:01:37.650000,3,0.9409735145834328,-0.9067282483598702,-38.41027403579701,attack
2025-12-01 12:01:37.700000,4,0.30718552131975074,-0.6270274067039181,-46.180680609818104,attack
2025-12-01 12:01:37.750000,5,1.41478017411788,-0.6799580948817643,-37.90103006983378,attack
2025-12-01 12:01:37.800000,6,0.9002304441440167,-0.5603185001867477,-38.59833327089176,attack
2025-12-01 12:01:37.850000,7,1.5856235397868121,-0.5859217407912669,-38.649788289808505,attack
2025-12-01 12:01:37.900000,8,1.7532959768311709,-0.2939379916437894,-50.654653372225425,attack
2025-12-01 12:01:37.950000,9,1.0469646882178296,0.1652151995568487,-44.80421884280559,attack
2025-12-01 12:01:38,10,1.4574061083581342,-0.7262909794846166,-46.86597279248212,attack
2025-12-01 12:01:38.050000,11,1.2816136046851347,-0.6784673430203556,-42.93301844019291,attack
2025-12-01 12:01:38.100000,12,1.6631896912365673,0.4292027290131779,-46.705175840142346,attack
2025-12-01 12:01:38.150000,13,0.966803716630573,-0.4920259078353211,-49.070057448756145,attack
2025-12-01 12:01:38.200000,14,0.8609176466860077,-0.383241029261987,-45.3697256521657,attack
2025-12-01 12:01:38.250000,15,0.7963454109243476,0.05840066992563209,-48.8437741670504,attack
2025-12-01 12:01:38.300000,16,-0.17538522380699972,0.5235151439330834,-41.51894892050809,attack
2025-12-01 12:01:38.350000,17,0.7682016977765116,0.12020364819029972,-42.92309058503843,attack
2025-12-01 12:01:38.400000,18,0.32685312648473075,-0.7471236531605658,-45.058971330685374,attack
2025-12-01 12:01:38.450000,19,1.1716938927295986,-0.6840933435823837,-49.79921644587071,attack
2025-12-01 12:01:38.500000,20,1.6674172811891446,0.6297406395979408,-40.87206969675335,attack
2025-12-01 12:01:38.550000,21,1.1072977299951228,-0.3189641956781748,-37.263064590599924,attack
2025-12-01 12:01:38.600000,22,0.8248661419019602,-0.34101164829348285,-46.801850170099144,attack
2025-12-01 12:01:38.650000,23,0.4668108114658397,0.20450313391345132,-46.13046747596973,attack
2025-12-01 12:01:38.700000,24,0.7440763795394452,-0.24192160272461471,-39.8199557827505,attack
2025-12-01 12:01:38.750000,25,0.6976202474902,-0.035222692421114754,-35.84956350029047,attack
2025-12-01 12:01:38.800000,26,1.0311240275415108,-0.03817999092084223,-45.314710736020075,attack
2025-12-01 12:01:38.850000,27,1.638367410244398,0.934685373261603,-43.55026673482517,attack
2025-12-01 12:01:38.900000,28,1.7422638407908657,-0.48144402977935385,-57.3365917946729,attack
2025-12-01 12:01:38.950000,29,1.364421777689732,-1.0443589688368942,-42.36622039162779,attack
2025-12-01 12:01:39,0,0.4980378140669032,0.2716963370691148,-42.82378900495419,attack
2025-12-01 12:01:39.050000,1,0.727007188038215,-0.5652196694021008,-45.8298136450505,attack
2025-12-01 12:01:39.100000,2,0.6081366360523353,-0.8874357371239867,-36.17658794853801,attack
2025-12-01 12:01:39.150000,3,0.6774595527328661,0.6592812131327883,-38.29825524419476,attack
2025-12-01 12:01:39.200000,4,0.5691557213062727,-0.12058785558865992,-49.14004137256061,attack
2025-12-01 12:01:39.250000,5,0.44137503283299784,0.47853753285882217,-37.40976708251432,attack
2025-12-01 12:01:39.300000,6,0.8406206671369545,-0.6437564643629297,-44.94895778164734,attack
2025-12-01 12:01:39.350000,7,0.2370742194496538,-0.373587011430244,-50.318821737082764,attack
2025-12-01 12:01:39.400000,8,-0.25158944611952716,0.268098327000994,-36.83654150702068,attack
2025-12-01 12:01:39.450000,9,-0.1832463079411759,-0.701154022980857,-40.0948150022736,attack
2025-12-01 12:01:39.500000,10,2.3955963012857557,0.29447140593829646,-51.112222794331146,attack
2025-12-01 12:01:39.550000,11,1.2844033219847597,0.5116143216268516,-46.638798349451854,attack
2025-12-01 12:01:39.600000,12,1.3080215113335814,-0.13654602738338095,-48.55745665525214,attack
2025-12-01 12:01:39.650000,13,1.2663423266081784,-0.39760285954551344,-45.38301858332765,attack
2025-12-01 12:01:39.700000,14,0.4167266386308679,0.5150114333338629,-43.33182691371509,attack
2025-12-01 12:01:39.750000,15,1.737052565135022,0.21039373673295625,-43.0501677553263,attack
2025-12-01 12:01:39.800000,16,0.46768918447879104,-0.18041361082103347,-38.7392648081998,attack
2025-12-01 12:01:39.850000,17,0.8495878801593397,1.0798992731527814,-34.09023888076003,attack
2025-12-01 12:01:39.900000,18,0.5921142428150681,-0.8871643974636751,-41.62723966657221,attack
2025-12-01 12:01:39.950000,19,1.4502377620631863,0.044490977063368575,-37.74154250114986,attack
